ETHICS_NUM,CAN_FNAME,CAN_MNAME,CAN_LNAME,BIRTHDATE,
"104042","Becky","Jo","McCray",""
"102026","Fred","A","Stanley",""
"104044","Gerald","NMN","Dyer",""
"106005","David","","Myers",""
"104045","Dennis","James","Pence",""
"104046","Stanley","Charles","Melby",""
"104047","Tim","","Gilpin",""
"104048","Richard","Daniel","Morrissette",""
"104049","Sally","Rogers","Kern",""
"104050","Norman","Jason","Nelson",""
"104051","James","Allen","Ray",""
"104052","Robert","Wade","Rousselot",""
"104053","Paul","","Wesselhoft",""
"104054","Floyd","Nolan","Bullard",""
"104055","Michael","Rene'","Brown",""
"104056","Purcy","D.","Walker",""
"104057","Denise","","Crosswhite",""
"104058","Lionel","Dale","DePue",""
"104059","Ryan","David","McMullen",""
"104060","Gary","S","Taylor",""
"104061","Earl","Gene","Garrison",""
"103011","Bill","","Sanmillan",""
"103012","David","William","Shaw",""
"103013","Mike","","Mass",""
"104062","Jari","","Askins",""
"104063","Chris","Allen","Wood",""
"103004","Charlie","M.","Laster",""
"103005","Kalyn","","Free",""
"103006","Clif","Wayne","Davis",""
"103007","Lonnie","Dwain","Doyle",""
"103008","Charla","May","Sloan",""
"103009","Richard","C.","Lerblance",""
"104041","Calvin","Wesley","Hilliard",""
"103010","Jesse","G.","Davis Jr.",""
"104022","Kathleen","Louise","Wilcoxson",""
"104023","A.","Clark","McQuigg",""
"104024","Pat","","Jurgensmeyer",""
"104025","Michael","Paul","Mazzei",""
"104026","Jeff","Warren","Rabon",""
"104028","Odilia","","Dank",""
"104029","John","Michael","Wilt",""
"104030","David","Allen","Miley",""
"104031","Owen","","Laughlin",""
"104032","Keith","Allen","Manion",""
"104033","David","B.","Braddock",""
"104034","Darren","Eugene","Gantz",""
"104035","Sidney","Lee","Bearden",""
"104036","Al","","Lindley",""
"106003","Sandy","","Garrett",""
"106004","Jeff","A.","McMahan",""
"104038","Sue","","Tibbs",""
"104039","Leonard","Bittle","Scott",""
"104040","Charles","Floyd","Campbell",""
"102126","Jay","Paul","Gumm",""
"106006","Tim","","Harris",""
"104075","Jennifer","A.","Seal",""
"104064","Daron","","Henry",""
"104065","John","Lee","English",""
"104066","Harvey","Albert","Swift",""
"104067","Brian","A.","Crain",""
"104069","Preston","Christopher","Edgar",""
"104070","Kenneth","Adams","Miller",""
"104071","BILL","","NATIONS",""
"104072","Michael","Kris","Steele",""
"104074","Tim","","Green",""
"104073","Mary","L","Easley",""
"102588","","","",""
"104076","James","F.","Wilson",""
"104077","Patrick","Grayson","Grimmett",""
"104080","Thad","","Balkman",""
"106013","Bruce","D.","Hartnitt",""
"104078","David","Daniel","Boren",""
"104079","Orval","Ray","Miller",""
"104081","Jaime","Omar","Gonzales",""
"104082","John","Wesley","Ford",""
"104086","Marian","","Cooksey",""
"104083","Judy","Eason","McIntyre",""
"104084","Ernest","B","Perkins",""
"104085","Pamela","Lynn","Peterson",""
"104088","William","R.","Sutton",""
"104089","W.H. (Bill)","","Langley Jr.",""
"104090","Shawn","Michael","Wiebers",""
"104091","Michael","David","Meleen",""
"104092","Greg","","Parker",""
"104093","Robert","Patrick","Anderson",""
"104094","Rex","Elliott","Duncan",""
"104095","Charles","A.","Wyrick",""
"104096","Jimmie","R.","Slater",""
"104097","Jimmie","R.","Slater",""
"104098","Alan","Wayne","Gentges",""
"104099","Art","","Mata",""
"104100","J.","Brian","Bingman",""
"104102","Ronald","Skip","Kelly",""
"103014","Frankklin","Jay","Means",""
"102155","Edward","Scott","Pruitt",""
"104103","John","J.","Trebilcock",""
"103015","James","Paul","Davenport",""
"104104","Jason","","Taylor",""
"104105","","","",""
"104106","James","H.","Buxton",""
"104107","Karl","Samuel","Pridemore",""
"104109","John","Charles","Auffet",""
"104110","Bob","G.","Plunk",""
"104111","Lucky","","Lamons",""
"103017","Franklin","Jay","Means",""
"103016","Robert","Mark","Brotherton",""
"104113","Joe","","Eddins",""
"104114","Leroy","","Hendren",""
"104115","David","Anthony","Lewis",""
"104116","Ray","D.","Young",""
"104117","Jim","","Reynolds",""
"103018","Debbe","Ann","Leftwich",""
"104118","Guy","H.","Liebmann",""
"103019","Brian","","Maughan",""
"104119","Joan","","Hastings",""
"104120","Susan","","Winchester",""
"104121","James","A","Williamson",""
"102188","John","Wayne","Carey",""
"104122","Jim","G.","Gillett",""
"104123","John","K","Knowlton",""
"104124","Dennis","L","Adkins",""
"104126","Jeremy","Paul","Dempster",""
"104127","Michael","Ray","Thompson",""
"104128","Amy","DeAnn","Corley",""
"104130","Rebecca","","Hamilton",""
"104129","Tad","","Jones",""
"104131","Terry","L.","Ingmire",""
"104132","Susan","Gayle","Paddack",""
"104133","Danny","","Morgan",""
"104134","Takam","Jabari","Shumate",""
"104135","Thomas","A.","Adelson",""
"104136","Clark","L.","Curry",""
"104137","David","Mitchell","Garrett Jr.",""
"104138","Doug","","Miller",""
"104139","John","Patrick","Morgan",""
"104140","Lance","William","Cargill",""
"104141","Max","Duane","Lutke",""
"104145","Robert","","Carleton",""
"104142","Darrell","Lee","Gilbert",""
"104143","Judy","Ann","Taylor",""
"104144","John","Leonard","Ogden",""
"104146","Mike","","Reynolds",""
"104147","Stephen","Carl","Martin",""
"104148","Robert","Douglas","Mayo",""
"104161","Ryan","Dean","Kiesel",""
"104159","Steven","","Farley",""
"104149","Jerry","C.","Cook",""
"104150","Ronald","","Hilton Jr.",""
"104151","Hiram","Dexter","McFarland",""
"104152","Krizzo","M.","Meadows",""
"104153","John","Scott","Pace",""
"104154","Daniel","Scott","Sullivan",""
"104155","Scott","Riley","Irwin",""
"104156","Charlie","M.","Laster",""
"104157","Jim","","Marshall",""
"104158","William","Martin","Gormley",""
"104160","Larry","","Gooch",""
"104162","Todd","Griffin","Lamb",""
"104163","David","Lloyd","Chapman Jr.",""
"104165","J.","Mark","Wall",""
"104164","Harold","","Roberts",""
"104166","Donald","Robert","Faulkner",""
"104167","Owen","Michael","Wilkerson",""
"104168","Greg","Gilbert","Meier",""
"104169","Mark","Baraman","Wofford",""
"104170","Jason","W.","Murphey",""
"104171","William (Bill)","David","Myers",""
"104172","Richard","B.","Subia",""
"104175","Dennis","","Loudermilk",""
"104173","Ruth","Ann","Robinson",""
"104174","William","Allen","Waterman",""
"104176","Sharla","Michelle","Walker",""
"104177","Tommy","","Thompson",""
"104178","Pat","","Potts",""
"104179","Jerry","D.","Buchanan",""
"104180","Jason","Eugene","Glidewell",""
"104183","Debbie","","Blackburn",""
"110000","jerry","","smith",""
"106014","Randall","","Brogdon",""
"104181","Jeremy","Bendale","Hendricks",""
"104182","Pamela","A","Nordstrom",""
"106015","Drew","","Edmondson",""
"104001","Jonathan","","Nichols",""
"104186","Jon","","Sellers",""
"104185","Kenneth","","Glenn",""
"104187","Todd","","Hembree",""
"104188","Trebor","","Worthen",""
"104189","Anthony","","Marlatt",""
"104190","Phil","","Richardson",""
"104191","Todd","","Dealy",""
"104192","Michael","","Herrin",""
"104194","Roy","","McClain",""
"104195","Earnest","","Ware",""
"104196","James","","Bell",""
"104197","Gary","","Banz",""
"104198","John","","Carey",""
"104199","Rusty","","McMurray",""
"104200","Bob","","Chambers",""
"104002","Jerry","L","Smith",""
"104003","J.","Clark","Jolley",""
"104004","Richard","","Williamson",""
"104005","Mike","","Morgan",""
"104007","John","Michael","Smaligo Jr.",""
"104008","Jimmy (Todd)","","Hiett",""
"100000","Darrell","","Farva",""
"104009","Nancy","C","Riley",""
"104010","Hopper","Thomas","Smith",""
"104011","John","A","Wright",""
"104012","Raymond","Gene","McCarter",""
"104013","Forrest","Allen","Claunch Sr.",""
"104014","Johnny","Dale","Turner",""
"104015","Joe","Loyd","Sweeden",""
"104016","Mike","E","Shelton",""
"104017","Abe","","Deutschendorf",""
"104018","Paul","D","Roan",""
"104019","Bill","","Case",""
"104020","Jerry","Lyndon","Ellis",""
"104201","Don","","Armes",""
"104202","Chris","","Benge",""
"104203","Gus","","Blackwell",""
"104204","Dale","","DeWitt",""
"104205","William","","Erwin",""
"104206","Tad","","Jones",""
"104207","Mark","","Liotta",""
"104208","Mike","","O'Neal",""
"104209","Fred","","Perry",""
"104210","Barbara","Masterson","Staggs",""
"104211","Randal","D","Terrill",""
"104212","Jeff","","Johnson",""
"104215","Raymond (RC)","","Pruett",""
"104213","Michael","Rex","Klinglesmith",""
"104214","Robert","","Sherrer",""
"104216","Richard","","Phillips",""
"104217","Neil","","Jensen",""
"104218","Stephen","","Schoaps",""
"104219","Tom","","Hoshall",""
"104220","William","","Kendrick",""
"104221","Gary","","Vance",""
"102295","John","M","Acken",""
"104222","Douglas","","Gorman",""
"104223","Brad","","Greer",""
"106016","Deborah","","Leftwich",""
"104224","Dwain","","Midget",""
"104225","Reece","","Kepler",""
"102053","Larry","E","Adair",""
"104226","Scott","","Inman",""
"104227","Ronald","","Justice",""
"104228","Cecil","","Williams",""
"106001","Gilmore","Neely","Capps",""
"106002","Gordon","","Fisher",""
"103001","Michael","Kris","Steele",""
"102213","Clifford","A","Aldridge",""
"102087","Chris","","Benge",""
"102333","Kathy","Lungren","Baker",""
"102037","Loyd","","Benson",""
"102543","Debbie","K","Blackburn",""
"102183","Gus","Ray","Blackwell",""
"102089","Denise","A","Bode",""
"102052","Jack","","Bonny",""
"102163","Cliff","","Branan",""
"102083","Robert","A","Butkin",""
"102050","Bernest","H","Cain Jr.",""
"102367","Kevin","","Calvey",""
"102117","Jeff","","Cloud",""
"102063","Harry","Edward","Coates",""
"102561","Glenn","","Coffee",""
"102222","Carolyn","","Coleman",""
"102256","Ann","","Coody",""
"102315","David","Max","Cook",""
"102044","Kenneth","","Corn",""
"106140","Jeannie","M","McDaniel",""
"106141","Dennis","L","Adkins",""
"106142","Gus","R","Blackwell",""
"106143","Sally","","Kern",""
"106144","Daniel","Ray","Bays",""
"106145","Al","","Lindley",""
"106146","Drew","","Dugan",""
"106147","Ann","","Coody",""
"106148","Roger","","Ballenger",""
"106149","Patricia","J","Potts",""
"106150","Don","Casey","Davis",""
"106151","Jim","Bob","Miller",""
"106152","Ryan","David","McMullen",""
"106153","Jay","","Cross",""
"106154","Todd","D.","Russ",""
"106156","Wayne","Allen","Walters",""
"106155","Peter","J.","Regan",""
"106157","Jari","","Askins",""
"106162","Joshua","David","Jantz",""
"108006","Susan","","Paddack",""
"106158","Todd","Mark","Thomsen",""
"106159","Matthew","W.","Harney",""
"106160","Scott","Norris","Bighorse",""
"106163","Bill","","Case",""
"106164","Joseph","Kimball","Lester",""
"106167","Sheryl","A","Johnson",""
"106165","Lisa","","DeBolt",""
"106166","Darrell","Eugene","Nemecek",""
"106168","Bret","T.","Burns",""
"106169","J.","Brian","Bingman",""
"106170","Joshua","Benjamin","Woods",""
"108007","Charlie","M.","Laster",""
"106171","Matthew","Ryan","Jones",""
"106172","Kevin","","Abel",""
"106173","Lloyd","L.","Fields",""
"106174","Tahrohon","Wayne","Shannon",""
"106175","Bill","L ","Brown",""
"106176","Frank ","D","Shurden",""
"106177","William","","Andrews",""
"106178","Kim","Ann","Dismuke",""
"106179","Test","Test","Test",""
"106314","Laura","A","Wallis",""
"106308","Barbara","G","Swinton",""
"106315","Wallace","","Collins",""
"108008","Test","","Test",""
"106183","Mary","Jane","Calvey",""
"106184","Kevin ","","Hopkins",""
"106185","Larry ","Dean","Moore",""
"106186","Raymond (rc)","Carl","Pruett",""
"106187","Michael ","Colby","Schwartz",""
"106188","Hollis ","Earl","Thorp",""
"106189","Mike ","","Wilt",""
"106190","Susan ","Clark","Winchester",""
"106191","Ron","L","Davis",""
"106192","Lisa","J","Billy",""
"106193","Jerry","Ray","Shoemake",""
"106194","Randy","Gene","Warren",""
"106316","Charles","Newton","Gray",""
"106196","Oliver ","Robert","Barris Iii",""
"106197","Daniel ","G.","Keating",""
"106198","Howard","G","Barnett Jr",""
"106199","Kenneth ","R","Corn",""
"106317","Gordon","D","Mcallister Jr.",""
"106318","Floyd","Wesley "" Wes ""","Owens",""
"106202","Darrell","Lee","Gilbert",""
"106203","Jeffery","Barclay","Potts",""
"106319","Carolyn","R","Ricks",""
"106205","Virginia","","Sanders",""
"106206","Ron","","Peters",""
"106207","Jeff ","A","Applekamp",""
"106208","Eddie ","Jay","Fields",""
"106209","Terry ","Lee","Ingmire",""
"106210","Mark","Everett","Mccullough",""
"106211","Jerry","L","Mc Peak",""
"106212","Larry ","Wayne ","Peck",""
"106213","Kris","Michael ","Steele ",""
"106214","Theodore ","Brett","Swab ",""
"106215","Charles ","C","Joyner",""
"108009","Can Test","","Can Test",""
"106216","James ""rob""","R.","Neal",""
"106217","Shane","David","Jett",""
"108010","Test","Test","Test",""
"106218","Guy","H","Liebmann",""
"106219","Cody","","Graves ",""
"106220","Russell ","Coleman","Vaclaw",""
"106221","Jeffrey","","Clinton",""
"108011","Jonathan","E","Nichols",""
"106222","Constance ","N ","Johnson ",""
"106223","Dennis","","Johnson",""
"106224","John ","M.","Smaligo Jr. ",""
"106225","Charles ","Jay ","Wieland ",""
"106226","Janice","Sue","Drewry",""
"106227","Earline","","Smaistrla",""
"106228","Lee","Roy","Tucker",""
"106229","Chris ","D","Oliver",""
"106309","John","Gregory","Camp",""
"106231","David","Max","Cook",""
"106232","Kenneth ","Larry ","Glenn",""
"106233","Willa ","D","Johnson",""
"106234","Robbie ","C","Kerr",""
"106235","Earl","William","Sears ",""
"106236","Bob","","Anthony",""
"106237","Dana","L","Kuehn",""
"106238","Tamara","Sue","Ward",""
"106239","Deirdre","O","Dexter",""
"106240","Janice","Sue","Drewry",""
"106241","Kevin","Dwain","Buchanan",""
"106242","Scott","Michael","Inman",""
"106243","Rob","","Johnson",""
"106244","Emily ","Jean","Redman",""
"106245","Jerry","Scott","Moore",""
"106246","Christine","Harris","Byrd",""
"106247","Donald","L","Deason",""
"106248","Jeffrey","Charles","Smith",""
"106249","Thomas","C","Giulioli",""
"106250","John","David","Luton",""
"106251","Jerry","Lee","Nowell",""
"106252","Caroline","Elizabeth","Wall",""
"106253","James","","Pratt",""
"106254","David ","Ray","Blades",""
"106255","Barbara","Brecheen","Gilbertson",""
"106256","Bryan","Charles","Dixon",""
"106257","Clifford","Jeffrey","Smith",""
"106258","Dale","Ray","Dewitt",""
"106259","Don","Lee","Armes",""
"106260","Bartlett","Andrew","Bouse",""
"106261","Bettie","Dean","Johnson",""
"106262","Gerald","Frank","Neuwirth",""
"106263","Tom","A.","Robinson",""
"106264","Jamie","Marie","Sears",""
"106265","Dennis","Dean","Campbell",""
"106266","Sheila","Ann","Condren",""
"106267","Cathy","L","Stocker",""
"106268","Lyon","Winston","Barton",""
"106269","Paul","","Wesselhoft",""
"106270","John","Wayne","Carey",""
"106271","Scott","Francis","Brockman",""
"106272","Mark","","Campbell",""
"106273","Jason","W","Murphey",""
"106274","Mark","A","Schwieso",""
"106275","Daniel","Paul","Stake",""
"106276","Rebecca","Brett","Nightingale",""
"106277","Ronald","R","Boone",""
"106278","Joe","Andrew","Hartman",""
"106279","P.","Thomas","Thornbrugh",""
"106280","John","Alexander","Blake",""
"106281","Robert","Daniel","Everman",""
"106282","Elmer","Ardryck","Gates",""
"106283","Dianne","Barker","Harrold",""
"106284","Brian","Michael","Jackson",""
"106285","Glen","Bud","Smithson",""
"106286","S","Suzanne","Woodrow",""
"106287","Edward","Henry","Cannaday",""
"106288","Susie","","Pritchett",""
"106310","Sue","Elaine","Buck",""
"106291","Kenneth","C.","Watson",""
"106292","Larry","Don","Foster Il",""
"106293","Bill","","Graves",""
"106294","Terry","M","Hyman",""
"106295","Charles","Daniel","Key",""
"106296","Daniel","Lee","Owens",""
"106297","Greg","Allen","Piatt",""
"106298","David","M","Dank",""
"106299","Rex","","Duncan",""
"106300","Noma","D","Gurich",""
"106301","Steven","Craig","Ladd",""
"106302","Kenneth","Adams","Miller",""
"106303","Jabar","","Shumate",""
"106304","Daniel","Scott","Sullivan",""
"106305","Duane","A","Woodliff",""
"106306","Trebor","","Worthen",""
"106307","John","Mark","Young",""
"106311","Brian","Ray","Mclaughlin",""
"106312","Kathryn","Sue","Thompson",""
"106313","James (jim)","R","Tidmore",""
"106320","Gordon","A","Harness",""
"106321","Vernon","D","Howard",""
"106322","Patricia","Gayle","Parrish",""
"106323","David","","Derby",""
"106325","Susan","Palmer","Caswell",""
"106324","Anastasia ","A","Pittman",""
"106326","Ray","Charles","Elliott",""
"106327","Terry","M","Harrison",""
"106328","Mike","Duane","Jackson",""
"106329","Timothy","Lyle","Olsen",""
"106330","Dynda","Rose","Post",""
"106331","Twyla","Mason","Gray",""
"106332","Farley","Wayne","Ward",""
"106333","Brian","John","Kuester",""
"106334","Dale","L.","Jackson",""
"106335","Rex","","Barrett",""
"106336","Dennis","Wayne","Hladik",""
"106337","Martha","K.","Kilgore",""
"106338","Malcolm","Maurice","Savage",""
"106339","Danita","Gay","Williams",""
"106340","James","Reed","Wolfe",""
"106341","Pamela","Sue","Cross",""
"106342","Kimberly","Elaine","Fobbs",""
"106343","Christopher","S.","Medlock",""
"106344","Gaylene","","Mccallum",""
"106345","J","D","Johnston",""
"106347","Nathan","J","Gigger",""
"106346","Steven","Craig","Gallo",""
"106348","Thomas","Casey","Gillert",""
"106349","Richard","Wayne","Kirby",""
"106350","Charles","Ellis","Cabaniss",""
"106351","James","R","Whitmer",""
"106352","Sheila","Gatlin","Kirk",""
"106353","Mike","A","Shelton",""
"106354","Kenneth","Eugene","Hartin",""
"106356","Stanley","Bruce","Brooks",""
"106355","Linda","Lee","Sexton",""
"106357","J,","M.","Branum",""
"106358","Gregg","Lee","Graves",""
"106359","Michael","Dean","Wininger",""
"106361","Charles","","Gass",""
"106360","Connie","L","Dodson",""
"106362","J","Michael","Gassett",""
"106363","William","Charles","Kellough",""
"106364","Cal","","Hobson",""
"106365","Richard","Dwane","Osburn",""
"106366","Charles","","Rainbolt",""
"106367","E","Z","Million",""
"106368","Rashid","","Abdulla",""
"106369","Michael","D","Deberry",""
"106370","Robert","","Schulte",""
"106371","Larry","D","Stuart",""
"106372","Harold","Michael","Claver",""
"106373","George","W","Butner",""
"106374","Wayne","Cornellius","Chandler Jr.",""
"106375","Mark","Stephen","Clark",""
"106376","Tom","","Landrith",""
"106377","Don","Ed","Payne",""
"106379","David","A","Barnett",""
"106378","N","Vinson","Barefoot",""
"106380","John","","Gardner",""
"106381","Douglas","W","Golden",""
"106382","Ronald","L","Kincannon",""
"106383","Leslie","D","Page",""
"106384","Lawrence","W","Parish",""
"106385","William","N","Peterson",""
"106386","Gerald","H","Riffe",""
"106387","Norman","L","Russell",""
"106388","Gary","","Snow",""
"106389","C","William ""Bill""","Stratton",""
"106390","Joe","Sam","Vassar",""
"106391","Paul","M","Vassar",""
"106392","Max","","Wolfley",""
"106393","Greg","A","Zigler",""
"106394","Joseph","P","Marak Jr.",""
"106395","Keith","Byron","Aycock",""
"106396","Tammy","L","Bass Jones Le Sure",""
"106397","Patrick","Thomas","Crawley",""
"106398","David","Paul","Cullen",""
"106399","Robert","Moore","Murphy, Jr.",""
"106400","William","Jeffery","Davis",""
"106401","Dana","Lynn","Orwig",""
"106402","Nan","J","Patton",""
"106403","Gary","W","Updyke",""
"106404","Guy","Andre","Goodine",""
"106139","Willard","","Linzy",""
"102023","Terry","Lee","Ingmire",""
"102041","Stephen","Michael","Largent",""
"102055","Mark","Richard","Liotta",""
"102060","Lance","","Cargill",""
"102108","Jari","","Askins",""
"102112","Kort","A.","BeSore",""
"102113","David","Daniel","Boren",""
"102064","Joe","","Eddins",""
"102066","Steven","Lee","Holcombe",""
"102115","Alex","","Greenwood",""
"102068","Thad","","Balkman",""
"102123","Mike","E","O'Neal",""
"102072","Purcy","D","Walker",""
"102125","E. James","Fargo","Wilson",""
"102074","Bill","","Nations",""
"102133","Darrell","Lee","Gilbert",""
"102079","Susan","","Winchester",""
"102135","Jon","Keith","Parsley",""
"102090","Tad","","Jones",""
"102171","Michael","D","DeBerry",""
"102093","Bob","","Plunk",""
"102172","John","J","Trebilcock",""
"102095","Lucky","","Lamons",""
"102174","Vickie","Sue","McKinnon",""
"102097","Dennis","Lee","Adkins",""
"102061","Gary","L","Richardson",""
"102184","Mike","","Reynolds",""
"102187","Danny","","Morgan",""
"102202","P. Thomas","","Thornbrugh",""
"102217","Doug","","Miller",""
"102223","Angela","Renee","Hendrix",""
"102230","Dale","R","DeWitt",""
"102238","Tammy Bass-","","Jones",""
"102245","Steve","","Harry",""
"102249","Fannie","","Bates",""
"102253","Robert","Anthony","Wallace",""
"102265","Stuart","Leland","Rustin",""
"102266","Judy","Eason","McIntyre",""
"102297","Doug","J","Barry",""
"102310","Orval","Ray","Miller",""
"102319","Ron","E","Markum",""
"102321","Fred","R","Perry",""
"102360","Robert","Ray","Redwine",""
"102363","Don","","Armes",""
"102395","Bill","","Paulk",""
"102399","Juan","Dwayne","Steidley",""
"102410","Rebecca","","Hamilton",""
"102451","Richard","C","Phillips",""
"102453","Dale","Richard","Marlar",""
"102458","Jack","Ross","Henderson",""
"102544","Stuart","D","Ericson",""
"102559","Ray","Daniel","Young",""
"102572","Roy","Dwayne","McClain",""
"103003","Charlie","M","Laster",""
"198050","William","D.","LaFortune",""
"198059","Paul","","Muegge",""
"198101","Howard","H","Hendrick",""
"198102","Edward","Scott","Pruitt",""
"198143","Denise","A","Bode",""
"104385","Charles","Raymond","Brewer",""
"104386","Dottie","A","Caldwell",""
"104387","E.Z.","","Million",""
"104388","John","","Nance",""
"104389","Robert","Daniel","Pinney",""
"104390","Don","","Barrington",""
"104391","Scott","Eric","Begley",""
"104392","Rex","Neil","Berry",""
"104393","Eric","Eugene","Beu",""
"104394","Neil","Marvin","Brannon",""
"104395","Angie","Sue","Jeffries",""
"104396","Tony","","Kohl",""
"104397","Matthew","","Webb",""
"104398","Thomas","Roy","Cook",""
"104399","Desmond","Paul","Donathan",""
"104400","Joe","E","Dorman",""
"104401","Ronald","Karol","Higgins",""
"104402","Sandra (Sandie)","W","Howard",""
"104403","Larry","W.","Self",""
"104406","Jim","J","States",""
"104405","Joseph","Thomas","Sinko",""
"104407","Deborah","A.","Taggart",""
"104408","Scott","Dan","Van Krevelen",""
"104409","Randy","W","Bass",""
"104410","J.","Jeanie","Brinkley",""
"104411","Lee","Roberts","Denney",""
"104412","Marilyn","Katy","Feaver",""
"104413","Austin","Peyton","Hansen",""
"104414","Melanie","","Millar",""
"104415","Herbert","","Townsend",""
"104416","Hollis","","Harper",""
"104417","Nancy","","Rothman",""
"104420","John","","Wylie",""
"104419","Frost","Anthony","Back",""
"104421","Pat","S","Bateman",""
"104423","Christi","Renae'","Spencer",""
"104422","Thomas","Edwon","McBride",""
"104429","Ronald","","Peters",""
"104424","John","Wayne","Perry",""
"104430","Misti","Michelle","Rice",""
"104425","James","Lamar","Stovall",""
"104426","Mike","","Mass",""
"104427","Curt","Allen","Roggow",""
"104428","Stuart","","Eircson",""
"104431","Ron","Duane","Peterson",""
"104432","Jerry","L","McPeak",""
"104433","Paul","Payton","Payton",""
"104434","Clark","L","Curry",""
"106021","Johnnie","","Crutchfield",""
"104435","Steve","Anthony","Harry",""
"104436","Jeana","Dally","Parker",""
"104438","Chris","","Hastings",""
"104439","Kenneth","Wayne","Sherrill",""
"104437","Allen","M","Hart",""
"104440","Garland","R","Foster",""
"104441","Karroll","Glynn","Rhoads",""
"104442","Gregory","D","Brown",""
"104443","Shane","David","Jett",""
"100262","John","A","Sullivan",""
"104444","Allen","M","Thompson",""
"100235","John","Gilbert","Nance",""
"104445","James","L","Clark",""
"106022","James","L.","Clark",""
"106023","Mary","L.","Easley",""
"106024","Pamela","Lynn","Peterson",""
"198001","Lowell","R.","Burgess Jr.",""
"108001","Jim","","Reynolds",""
"100128","Opio","","Toure",""
"100006","Lewis","","Long",""
"100221","David","Wayne","Lee",""
"100204","Charles","","Gray",""
"100199","Larry","","Ferguson",""
"198144","Opio","","Toure",""
"198506","Larry","","Ferguson",""
"198474","Lowell","R","Burgess Jr.",""
"106025","John","A","Wright",""
"104446","Joda","","Trimiar",""
"106026","Rhonda","G","Rudd",""
"106031","Timothy","Wayne","Emrich",""
"106027","Jay","Paul","Gumm",""
"106028","Robert","Wade","Rousselot",""
"106029","Johnny","Dale","Turner",""
"106030","Daisy","","Lawler",""
"106032","Paul","D.","Roan",""
"106033","Gary","W.","Banz",""
"198002","Louis","G","Buchanan",""
"198487","Louis","G","Buchanan",""
"106034","Joe","Loyd","Sweeden",""
"106035","David","B","Braddock",""
"106036","Thad","","Balkman",""
"106037","Douglas","G","Cox",""
"106038","Tim","D","Kuykendall",""
"106039","Michael","Ray","Thompson",""
"198662","Barry","","Hale",""
"198540","Jefferson","D","Sellers",""
"198477","Jack","","Morgan",""
"100201","Steve","","Galpin",""
"100281","John","","Sellers",""
"198169","John","Arthur","Sellers",""
"198071","Courtney","Shane","Hunt",""
"106040","Larry","W","Gooch",""
"108002","Earl","G","Garrison",""
"106045","Andrew","Monroe","Rice",""
"106041","Lance","William","Cargill",""
"106042","Michael","William","Christian",""
"108003","Michael","Paul","Mazzei",""
"106043","John","Hunt","Sparks",""
"106044","Randy","W","Bass",""
"106046","Brad","","Henry",""
"106047","Sydney","","Jordan, Jr.",""
"106048","Michael","Andrew","Starega",""
"106050","Harry","Edward","Coates Jr.",""
"106051","Robert","J.","Sullivan Jr.",""
"106052","James","Allen","Williamson",""
"106053","Cliff","","Aldridge",""
"106054","Anthony","F","Keating",""
"106055","Jerry","","Ellis",""
"106065","Ray","","Miller",""
"106066","Lee","R","Denney",""
"106056","Sue","","Tibbs",""
"106057","V. Glenn","","Coffee",""
"106058","Rebecca","A","Hamilton",""
"106059","Wes","","Hilliard",""
"106060","John","Charles","Auffet",""
"106061","James","E","Covey",""
"106062","Kim","Diane","Holland",""
"106063","Raymond","Gene","McCarter",""
"106064","Curt","","Roggow",""
"105002","Shirley","Ann","Darrell",""
"106067","Scott","C","Martin",""
"106069","Richard","","Stawicki",""
"106068","J. Gregory","","Mashburn",""
"106070","Scott","","Meacham",""
"106071","Weldon","Lee","Watson",""
"106074","P. David","","Hunter",""
"106072","John","","Harrington",""
"106073","Justin","Edlund","Porter",""
"106075","Al","","McAffrey",""
"106076","Blake","","Cantrell",""
"106078","Lionel","Dale","DePue",""
"106077","Jesse","","Guardiola",""
"106079","Starling (Wayne)","","Maxwell",""
"106080","Bob","Louis","Brown",""
"106084","Thomas","","Ivester",""
"106081","Jennifer","","Seal",""
"105003","Keith","NMN","Davenport",""
"106082","Kenneth","Earl","Wright III",""
"106083","Edward","James","Wyant",""
"106085","Richard","Loy","Gray Jr.",""
"105004","Constance","Nevlin","Johnson",""
"106086","Mary","C.","Fallin",""
"106087","Wayne","Allen","Walters",""
"106088","Wayne","Allen","Walters",""
"106091","Charles","Thomas","Hoskin",""
"106089","Lucky","","Lamons",""
"106090","James","E.","Dunn",""
"105005","Gregory","Scott","Nelson",""
"106097","W.","","Resides",""
"106098","Bill","","Nations",""
"106092","Stephen","Louis","Cortes",""
"106093","Phil","","Richardson",""
"106094","Harold","","Wright",""
"106095","Charles","Wesley","Lane II",""
"106096","Brenda","","Reneau",""
"106099","Chris","","Benge",""
"106100","Purcy","D","Walker",""
"106103","David","","Prater",""
"105006","Willa","D","Johnson",""
"106101","Cliff","","Branan",""
"106102","Danny","","Morgan",""
"106105","Anthony","Wade","Sykes",""
"106106","Ron","D","Peterson",""
"106107","Derrick","","Ott",""
"106108","Stephen","C","Martin",""
"105007","Michael","E","Shelton",""
"106109","John","Randall (Randy)","McDaniel",""
"106110","Richard","D","Morrissette",""
"106111","Troy","E.","Green",""
"106112","Edward","Scott","Pruitt",""
"106113","Wayland","R","Smalley",""
"106114","James","Allen","Williamson",""
"106115","Marian","","Cooksey",""
"106116","Tad","","Jones",""
"106118","Kenny","E.","Weast",""
"108004","J. Clark","","Jolley",""
"106117","Randon (Randy)","","Grau",""
"106119","Ponie","Lance","McCrary",""
"106120","Michael","Sean","Burrage",""
"106121","Mike","","Schulz",""
"106122","Brian","Ellis","Renegar",""
"106123","Melvin","Dale","Jones",""
"106124","Myrtle","Estelle","Cash",""
"106125","Dennis","Alan","Smith",""
"108005","Robert","Patrick","Anderson",""
"106126","Mary Jane","NMN","Calvey",""
"106127","Ernest","J","Istook Jr.",""
"106128","Eric","Dean","Proctor",""
"106129","Ryan","Dean","Kiesel",""
"106130","J. Todd","","Hiett",""
"106131","Nathan","","Powell",""
"106132","Mike","","Johnson",""
"106133","Darrell","L","Gwartney",""
"106134","Pat","L.","Lair",""
"106135","Skye","Deann","McNiel",""
"106136","Robert","Benjamin","Sherrer",""
"106137","Nancy","Carol","Riley",""
"106138","Ami","","Shaffer",""
"102002","Enoch","Kelly","Haney",""
"102032","Kevin","","Cox",""
"102298","Curtis","L","DeLapp",""
"102031","Larry","Roger","Brooks",""
"102539","Lowell","Richard","Burgess Jr.",""
"102040","Johnnie","","Crutchfield",""
"102449","Deirdre","O","Dexter",""
"102081","Rodney","Layne","Dillard",""
"102250","Joe","","Dorman",""
"102118","Standley","R","Driver",""
"102406","Jacqueline","Phelps","Duncan",""
"102007","Kevin","","Easley",""
"102235","Neil","","Brannon",""
"102047","WA Drew","","Edmondson",""
"102426","Ray","Charles","Elliott",""
"102029","Randall","Lee","Erwin",""
"102069","Mary","C","Fallin",""
"102369","Larry","R","Ferguson",""
"102364","Larry","Kent","Friskup",""
"102111","Kendall","Dustin","Fulbright",""
"102255","Thomas","Charles","Giulioli",""
"102233","Bill","","Graves",""
"102214","Richard","L","Gray",""
"102048","Tim","","Green",""
"102274","Joan","","Greenwood",""
"102139","Ted","V","Fisher",""
"102194","Noma","","Gurich",""
"102215","Chris","G","Hand",""
"102318","Jesse","Sherrell","Harris",""
"102158","Terry","Michael","Harrison Jr.",""
"102335","J.","Berry","Harrison",""
"102099","Dianne","Barker","Harrold",""
"102546","Chris","","Hastings",""
"102567","Jerry","","Hefner",""
"102178","John","Frederick","Hertz",""
"102067","Danny","","Hilliard",""
"102466","Steven","Erik","Hjelm Sr",""
"102011","Cal","","Hobson",""
"102263","Suzanne","","Hogan",""
"102033","Joe","J","Hutchison",""
"102134","Shane","David","Jett",""
"102080","Mike","","Johnson",""
"102523","Nathan","Mark","Johnson",""
"102119","Gary","A","Jones",""
"102106","Brad","","Henry",""
"102548","Robert","M","Kerr",""
"102430","Rick","Paul","Kibbe",""
"102086","Ron","Ruel","Kirby",""
"102013","Tim","D","Kuykendall",""
"102137","Wes","","Lane",""
"102268","Ronald","William","Langmacher",""
"102216","Daisy","","Lawler",""
"102157","Keith","C","Leftwich",""
"102549","MC","","Leist",""
"102100","Tom","","Leonard",""
"102448","R","Shawn","Lepard",""
"102224","John","David","Luton",""
"102058","Jim","R","Maddox",""
"102509","Neil","J","Mavis",""
"102142","Billy","Joel","Mitchell",""
"102493","Larry","","Monard",""
"102038","Angela","","Monson",""
"102019","Fred","S","Morgan",""
"102242","John","G","Nance",""
"102239","Mark","DeWayne","Nation",""
"102021","Jim","","Newport",""
"102276","Rebecca","Brett","Nightingale",""
"102473","Michael","T","Norman",""
"102218","Richard","C","Palmer III",""
"102445","Bill","","Paulk",""
"102434","Richard","M","Perry",""
"102447","Robert","","Perugino",""
"102322","Ronald","Gregory","Peters",""
"102225","Ron","","Peterson",""
"102020","Gayle","Wayne","Pettigrew",""
"102199","Douglas","Scott","Pewitt",""
"102226","Greg","","Piatt",""
"102143","Clinton","Gene","Pope",""
"102071","Larry","","Rice",""
"102243","Carolyn","Ruth","Ricks",""
"102496","Larry","D","Roberts",""
"102092","Lloyd","Oral","Roettger",""
"102025","Curt","","Roggow",""
"102329","Michael","Alan","Ross",""
"102168","Orville","Marion","Sanders Jr.",""
"102159","Bill","","Shapard Jr.",""
"102177","Brinton","","Skalnik",""
"102269","Amy","Stewart-","Smith",""
"102164","Dale","Mark","Smith",""
"102182","Dennis","A","Smith",""
"102152","Glen","Bud","Smithson",""
"102120","Richard","","Smotherman",""
"102146","Barbara","Masterson","Staggs",""
"102196","Cathy","Lee","Stocker",""
"102436","Leonard","E","Sullivan",""
"102251","Louis","Michelle","Sutton",""
"102004","Stratton","R","Taylor",""
"102229","Opio","","Toure",""
"102131","Raymond","Lawson","Vaughn Jr.",""
"102160","Jim","","Walker",""
"102258","Jennifer","","Wall",""
"102110","Dale","","Wells",""
"102558","Robert","Dwayne","Worthen",""
"102077","Edward","J","Wyant",""
"102046","Brenda","Reneau","Wynn",""
"102124","Elmer","L","Maddux",""
"102554","Franklin","David","Shurden",""
"102205","Michael","Eason","Tyler",""
"102248","Susan","David","Rogers",""
"104239","Roy","","Munguia",""
"104240","David","","Birdwell",""
"104230","Ann","","Coody",""
"104231","Rodger","","Ensign",""
"104232","Troy","","Green",""
"104233","Terry","","Harrison",""
"104234","Darrell","","Martin",""
"104235","William","","Ocker",""
"104236","Raymond (Ray)","","Davidson",""
"104237","Dan","","Little",""
"104241","Richard","","Prawdzienski",""
"104242","Patricia","","Muzny",""
"104243","William","","Bixler",""
"104244","Jimmy","","Clifton",""
"104245","Steve","","Crawford",""
"104247","Michael","","Jackson",""
"104248","Ronald","G","Justice",""
"104249","Stewart","","Shapiro",""
"104250","Linda","","Holman",""
"104251","Myrtle","","Cash",""
"104252","floyd","","roland",""
"104253","Adam","Eric","Miller",""
"104254","Richard (Trey)","C","Palmer",""
"104256","Eric","","Ballou",""
"104257","Lisa","","Billy",""
"104258","Connie","","Graves",""
"104259","Erik","","Johnson",""
"104260","Richard","","Lerblance",""
"104261","Denise","","Nimmo",""
"104262","James","","Thompson",""
"104263","Russell","","Turner",""
"104264","Charles","","Wieland",""
"104265","John","","Williams",""
"104266","David","James","Schaffer",""
"104267","James","Craig","Hale",""
"104268","David","","Hampton",""
"104269","Terry","M.","Hyman",""
"106017","James","","Newport",""
"104271","JEFFREY","","HICKMAN",""
"104276","Dewey","F.","Bartlett Jr.",""
"104272","Roger","C","Goins",""
"106018","Jason","w","Taylor",""
"104277","Denise","Ann","Bode",""
"104278","Daniel","Lee","Giddens",""
"104279","G. Kay","","Powers",""
"104280","Charlette","Marie","Mann",""
"104281","Georganne","","Westfall",""
"106019","Jason","","Taylor",""
"104284","Tina","K.","Majors",""
"104285","Jeff","V","Phillips",""
"104286","Richard","","Stawicki",""
"104288","bob","J","canslo",""
"102001","Gilmer","Neely","Capps",""
"104305","Pamela","Lynn","Peterson",""
"104289","William (Bill)","Irvan","Choate",""
"104290","Mary","Frances","Duffe",""
"104291","Tom","Paul","Greenwood",""
"104292","Rob","","Johnson",""
"104293","Ronald","Eugene","Markum",""
"104294","Jeannie","Marie","McDaniel",""
"104295","James","Lee","Newport",""
"104296","Wayne","","Pettigrew",""
"104297","Greg","A","Piatt",""
"104298","Jeff","D","Platter",""
"104299","Lisa","","Pryor",""
"104300","Keith","A","Weber",""
"104301","William","W","Wheeler",""
"104302","Ronald","G","Wyatt",""
"106020","Richard","L.","Smothermon",""
"104303","Willie","O","Bridgeman",""
"104304","Anthony","W.","Sykes",""
"104306","Roy","B. Butch","Hooper",""
"104027","Douglas","Gene","Cox",""
"104308","Jerry","","Shoemake",""
"104307","Kevin","","Calvey",""
"104309","Paul","","Laubach",""
"104310","Fred","S","Morgan",""
"104313","Michael","Joe","Frickenschmidt",""
"104312","Farvardin","","Moghaddam",""
"104314","Wayne","M","Hlinicky",""
"104315","Sheryl","D","Berry",""
"104316","Harrell","Dean","Post",""
"104317","Glen","Bud","Smithson",""
"104318","Gary","Alan","Davis",""
"104319","M. John","","DeBoard",""
"104320","Bryan","Duane","Carlile",""
"104321","Wanda","","Cruson",""
"104322","Penny","Sue","Kampf",""
"104323","Franklin","Jay","Means",""
"104324","Dale","Richard","Young II",""
"104325","Pat","M","Hayes",""
"104326","Ronald","Gregory","Peters",""
"104327","Carl","","Weston",""
"104328","John","","Young",""
"104330","Karen","","Khoury",""
"104331","Meredith","D","Lacey",""
"104332","Patrick","Kelso","Miller",""
"104333","Kevin","Glen","Moore",""
"104339","Bill","Ray","Vandegriff",""
"104338","Charles","H","Smith",""
"104340","Jacob","Russell","Bristow",""
"104341","Lelia","Kasenia","Davis",""
"104342","Charles","","Kriss",""
"104343","Allen","Franklin","Mckinney",""
"104344","Joe","E","Vickers",""
"104345","Ronald","E.","Wasson",""
"104347","Corey","Neal","Holland",""
"104348","Kenneth","Doyl","Black",""
"104349","James","Lee","Clark",""
"104350","Glenn","D","Coffey",""
"104351","Allen","M","Hart",""
"104352","William","Arnold","Stovall",""
"104353","Clarence ""Pete""","","Pendley",""
"104354","W. D. ""Bill""","","Snelson",""
"104355","James","R.","Whitmer",""
"104356","Charles","Allen","Sittler",""
"104357","Doug","J","Barry",""
"104358","Luke","Arthur","Hager Jr",""
"104359","Ivan","C","Holmes",""
"104360","Lawrence","","Kirkpatrick",""
"104361","Bill","","Noak",""
"104362","James (Jim)","R","Tidmore II",""
"104363","Daniel","E.","Wolever Jr",""
"104364","Marc","D.","Young",""
"104366","Mark","NMN","Halyard",""
"104365","Debbie","","Thompson",""
"104367","Glen","Harvey","Derrick",""
"104368","Jack","F","Kelly",""
"104370","James","","Rice",""
"104369","Gary","Lee","Clason",""
"104371","Michael","Anthony","Shiflet",""
"104372","Nancy","D.","Newton",""
"103020","John","","Wylie II",""
"100002","Maxine Cissel-","E","Horner",""
"104380","Chris","","Whinery",""
"104381","Steve","","Schmidt",""
"104373","James","E","Covey",""
"104374","Susan","H.","Custer",""
"104375","Kenneth","E.","Easton",""
"104376","Thomas","Way","Stephens",""
"104377","Kathy","H.","Moore",""
"104378","Opio","","Toure",""
"104379","Rodney","Kent","Cave",""
"104382","Allen","Ray","Harshaw",""
"104383","Virginia","Blue Jeans","Jenner",""
"104384","John","D.","Rushing",""
"100001","Mark","","Snyder",""
"100003","Sam","","Helton",""
"100007","Robert","V","Milacek",""
"100008","James","R.","Dunlap",""
"100021","Ben","H","Robinson",""
"100058","Charles","Reed","Ford",""
"100083","Mike","","Fair",""
"100093","James","R","Wlikerson",""
"100124","Melissa","D.","McLawhorn",""
"100137","Bob","","Anthony",""
"100251","Jim","","Reynolds",""
"100273","Penny","Baldwin","Williams",""
"100278","Herb","","Rozell",""
"100285","Tommy","R","Anderson",""
"102045","James","E","Covey",""
"106405","Gary","E","Miller",""
"106409","Albert","Donald","Anderson",""
"106407","Tom","","Gibson",""
"106408","Jack","D","Hammontree",""
"106410","Jerry","D","Bass",""
"106411","James","D","Bland",""
"106412","George","Frank","Burnett",""
"106413","Melinda","Delea Johnson","Ryan",""
"106414","D","W","Boyd",""
"106415","Richard","E","Branam",""
"106416","Mark","L","Dobbins",""
"106417","Willard","","Driesel",""
"106418","James","D","Goodpaster",""
"106419","Robert","G","Haney",""
"106420","Allen","","Harshaw",""
"106421","Clark","E","Huey",""
"106422","John","","Maley",""
"106423","Robert","M","Murphy Jr.",""
"106424","G","Wayne","Olmstead",""
"106425","J","","Rivers",""
"106426","Charles","E","Roberts",""
"106427","Jim","","Rogers",""
"106428","Jefferson","D","Sellers",""
"106429","Richard","G","Van Dyck",""
"106430","Danny","Clark","Wells",""
"106431","April","Sellers","White",""
"106432","Bill","","Welch",""
"106433","Mark","Kelley","Cornell",""
"106434","Jim","Eric","Evanoff",""
"106435","George","S","Farha",""
"106436","Marion","Dale","Fry",""
"106437","Kenneth","T","Linn",""
"106438","Cynthia","Dawn","Pickering",""
"106439","Mike","","Reynolds",""
"106440","Doyle","Winston","Rose",""
"106441","Dale","Richard","Marlar",""
"106442","Cory","Neal","Spocogee",""
"106443","Mark","Baraman","Wofford",""
"106444","Terry","H","Mc Bride",""
"106445","Cindy","M","Dawson",""
"106446","Michael","","Hammer",""
"106447","Mary","Fran","Fitzgerald",""
"106448","Edward","Thomas","Tillery",""
"106449","Clark","William","Duffe",""
"106450","John","E.","Herndon",""
"106451","Stacy","Wyatt","Hill",""
"106452","Test","","Test",""
"106453","Arthur","W","Reed",""
"106454","Edward","Alfred","Petersen",""
"106455","Carol","","Ruth",""
"106456","Russ","","Roach",""
"100100","Russ","","Roach",""
"106457","Doyle","","Lewis",""
"106516","Carl","","Randall",""
"106459","James","Brent","Brunson",""
"106460","Robert","L","Hudson",""
"106461","Gary","","Jones",""
"106462","Deborah","C","Shallcross",""
"106463","Jon","Tom","Staton",""
"106464","Timothy","Lewis","Vanover",""
"106465","Dan","","Allen",""
"106466","Thomas","M","Bartheld",""
"106467","Stephen","W","Bonner",""
"106468","Richard","B","Darby",""
"106469","Danny","R","Deaver",""
"106470","Curtis","L","Delapp",""
"106471","Joe","","Enos",""
"106472","Doris","L","Fransein",""
"106473","Damon","","Harris",""
"106474","Jesse","S","Harris",""
"106475","Doug","","Haught",""
"106476","Matthew","D","Henry",""
"106477","Robert","M","Highsmith",""
"106478","Joe","L","Jackson",""
"106479","Mark","A","Moore",""
"106480","D","Clay","Mowdy",""
"106481","Rocky","L","Powers",""
"106482","G","Brent","Russell",""
"106483","John","H","Scaggs",""
"106484","Gale","F","Smith",""
"106485","Michael","Fred","Stake",""
"106486","Roger","William","Foster",""
"106487","James","Michael","Caputo",""
"106488","Barry","Vaughn","Denney",""
"106489","Jacqueline","Phelps","Duncan",""
"106490","John","T","Enns",""
"106491","Larry","Joe","Freeman",""
"106492","Dale","Ray","Gardner",""
"106493","Kendall","Gene","Luttrell",""
"106494","Ron","Eugene","Markum",""
"106495","Kevin","Deryl","Farmer",""
"106496","Richard","Gene","Oakes",""
"106497","Johnny","J","Sandmann",""
"106498","Jonathan","M","Sutton",""
"106499","Edward","T","Tillery",""
"106500","Liz","","Brown",""
"106501","Lee","","Card",""
"106502","Douglas","L","Combs",""
"106503","Edward","C","Cunningham",""
"106504","Ronald","G","Franklin",""
"106505","Mickey","J","Hadwiger",""
"106506","Wyatt","","Hill",""
"106507","Ray","Dean","Linder",""
"106508","David","N","Martin",""
"106509","Neal","","Merriott",""
"106510","Norman","D","Thygesen",""
"106511","David","L","Payne",""
"106512","Dennis","Dean","Campbell",""
"106513","Kevin","Deryl","Farmer",""
"106517","Deborah","","Davis",""
"106515","Billy","","Choate",""
"106523","John","Wayne","Sawney",""
"106518","James","W","Dunham",""
"106520","Abe","","Warren",""
"106521","George","E.","Faught",""
"106522","Kenneth","","Etchieson",""
"106524","Curtis","Matthew","Allen",""
"106525","Loren","E","Angle",""
"106526","Larry","George","Grant",""
"106527","Thomas","John","Hadley",""
"106528","Richard","A","Miller",""
"106529","Carl","","Randall",""
"106530","Stephen","A.","Box",""
"106531","Michael","Charles","Flanagan",""
"106532","David","Charles","Youll",""
"106533","Kent","","Jeter",""
"106534","Virginia","Ann","Banks",""
"106535","Pierce","","Jones",""
"106536","David","Dale","Derby",""
"106537","David","Dale","Derby",""
"106538","Rick","","Bozarth",""
"106539","Gary","David","Caissie",""
"106540","Larry","Jordan","Jefferson",""
"106541","Mary","June","Cash",""
"106542","William","W","Eakin",""
"106543","James","Anthony","Miller",""
"106544","Thomas","H","Alford",""
"106545","Candace","L","Blalock",""
"106546","James","M","Boring",""
"106547","Larry","","Brooks",""
"106548","Lowell","R","Burgess Jr.",""
"106549","B","David","Gambill",""
"106550","Carl","G","Gibson",""
"106551","Brian","C","Henderson",""
"106552","M","John","Kane",""
"106553","Ted","A","Knight",""
"106554","Jeremy","Kirk","Moore",""
"106555","Carl","R.","Weston",""
"106556","Donald","L.","Worthington",""
"106557","C","Allen","Mccall",""
"106558","Tom","L","Newby",""
"106559","Gordon","Bruce","Sewell",""
"106560","Darrell","G","Shepherd",""
"106561","Clancy","","Smith",""
"106562","Mark","Randall","Smith",""
"106563","A","J","Henshaw Jr.",""
"106564","Gary","","Maxey",""
"106565","Dwayne","","Steidley",""
"106566","Joe","","Vickers",""
"106567","Millicent","Mcclure","Watson",""
"106568","Andrew","W","Marr Jr.",""
"106569","Dennis","","Weese",""
"106570","Rae","","Weese",""
"106571","Raymond","Ellis","Bond",""
"106572","Thomas","Roy","Cook",""
"106573","Paul","Cecil","Denny Jr.",""
"106574","Patrick","George","Guinn Sr.",""
"106575","Craig","","Key",""
"106576","Daman","H","Cantrell",""
"106577","Tommy","Lee","Nash",""
"106578","Vicki","L","Robertson",""
"106579","Monte","W","Strout",""
"106580","Thomas","E","Lannigan",""
"106581","Mozella","","Irwin-smith",""
"106582","Chad","","Swanson",""
"106583","Ryan","D","Reddick",""
"106584","Mark","Richard","Liotta",""
"106585","Mark","L","Gibson",""
"106586","Marvin","Neil","Brannon",""
"106587","Michael","Rene'","Brown",""
"106588","Gregory","K","Frizzell",""
"106589","Edward","K","Holzberger",""
"106590","Wm C Bill","","Hetherington",""
"106591","John","J","Trebilcock",""
"106592","Jeffrey","Wayne","Hickman",""
"106593","Mary","","Easley",""
"106594","Greg","","Nelson",""
"106596","Mike (michael Keith)","","Workman",""
"108014","Ron","","Justice",""
"106597","Mike (michael Keith)","","Workman",""
"106598","Mike (michael Keith)","","Workman",""
"106599","Mike (michael Keith)","","Workman",""
"106600","Mike (michael Keith)","","Workman",""
"106601","Randy","","Terrill",""
"106602","Mike (michael Keith)","","Workman",""
"115001","Test","T","Test",""
"106603","Charles","L","Goodwin",""
"106604","Mike (Michael Keith)","","Workman",""
"106605","Timothy","Tahl","Willard",""
"106606","Sam","James","Roop",""
"106608","Tommy","L","Sims",""
"106607","Robert","Dean","Batterbee",""
"106609","Traci","","Cain",""
"106610","Timothy","K","Colbert",""
"106611","Sherri","Lea","Cone",""
"106612","John","Russell","Couch Jr.",""
"106613","Frederick","S","Esser",""
"106655","John","M","Wampler",""
"106654","Jim","Eric","Evanoff",""
"106661","Rex","","Duncan",""
"106656","Jack","Holt","Rankin",""
"106618","Gene","","Haynes",""
"106657","James","S","Ward",""
"106620","Dan","","Hutcherson",""
"106621","Famous","J","Tankersley",""
"106622","Lorenzo","Allen","Thompson",""
"106623","Mike","","Schulz",""
"106624","Joe","","Dorman",""
"106625","Linda","","Morrissey",""
"106626","Wayne","M","Hlinicky",""
"106627","Tom","A","Lucas",""
"106628","Robert","E","Reavis Ii",""
"106629","Thomas","S","Walker",""
"106630","Winford","Mike","Warren",""
"106631","John","Jeffrey","Payton",""
"106645","John","B.","Wright",""
"108012","Charles","A.","Wyrick",""
"106647","Ronnie","Wayne","Guevara",""
"106648","Jesse","","Jackson",""
"106658","Steven","Erik","Hjelm",""
"106659","Michael","T","Norman",""
"106660","Virgil","C","Black",""
"108015","Phil","","Richardson",""
"108016","Marty","","Gormley",""
"106641","Lori","M","Walkley",""
"106642","Connie","","Johnson",""
"106650","Stan","","Paynter",""
"106644","B","Gordon","Allen",""
"106649","Richard (Butch)","Glen","Daniels",""
"106651","Bob","","Ward",""
"106652","William ""Bill""","Eugene","Crozier",""
"106653","Sheila","Gatlin","Kirk",""
"107004","Jim","Wesley","Hines",""
"107005","Avery","A","Eeds Jr.",""
"107006","Christopher","S.","Kelly",""
"107007","Charles","","Rainbolt",""
"108017","Jerry","Wayne","Foshee",""
"108018","Purcy","Dale","Walker",""
"110001","David","","Myers",""
"108019","Gary","W","Banz",""
"108020","David","B","Braddock",""
"108021","Paul","D","Roan",""
"110002","Daisy","","Lawler",""
"108022","John","A.","Wright",""
"108023","Marian","","Cooksey",""
"108024","Wes","","Hilliard",""
"107008","Conan","","O'brien",""
"107009","Conan","","O'brien",""
"108025","John","Charles","Auffet",""
"108026","Dennis","L","Adkins",""
"110003","Deborah","Ann","Leftwich",""
"108027","Michael","Ray","Thompson",""
"108028","Tahrohon","Wayne","Shannon",""
"108029","Nancy","Carol","Riley",""
"108030","Bart ","Jay ","Robey",""
"108031","Kyle ","David","Loveless",""
"108056","Todd","Mark","Thomsen",""
"108058","Todd","Mark","Thomsen",""
"108085","Daniel","Scott","Sullivan",""
"110010","Lloyd","L.","Fields",""
"108083","John","J","Trebilcock",""
"108087","Skye","Deann","Mcniel",""
"110013","Drew","","Edmondson",""
"108101","Cecil","Wayne ","Mckinney",""
"108102","Aaron","","Stiles",""
"108108","Cason","P","Carter",""
"108110","Kenneth","Adams","Miller",""
"108111","Terry","","Hyman",""
"108113","Dana","Lynn","Orwig",""
"108114","Pamela","Lynn","Peterson",""
"108115","Rex","","Duncan",""
"108118","John","Richard","Slater",""
"108121","James","Edmund","Halligan",""
"108125","Michael ","Dean","Wininger",""
"108130","Stephen","Carl","Martin",""
"108132","Jerry ","","Ellis",""
"108134","Kendall","Gene","Luttrell",""
"108138","Kenneth","Larry","Glenn",""
"108140","Glen","Bud","Smithson",""
"108142","Anthony","Bryce","Marlatt",""
"108143","Sue","","Tibbs",""
"108144","Dale","Ray","Dewitt",""
"108153","Kyle","Ernest","Coulter",""
"108163","Neil","","Brannon",""
"108167","N","Jason","Nelson",""
"108168","Charles","Daniel","Key",""
"108169","John ","W","Carey",""
"108189","Lisa","J","Billy",""
"108190","Al","","Mcaffrey",""
"108191","Lee","R","Denney",""
"108194","Greg","","Frederick",""
"108195","Robert","Andrew","Jerome",""
"108197","Wilbur","Warren","Goldmann",""
"108198","Raymond","Carl (rc)","Pruett",""
"108202","Miranda","Leigh","Norman",""
"108204","Curtis","Nelson","Bruehl",""
"108205","Jabar","","Shumate",""
"108218","Donnie","B","Lewis",""
"108232","Jerry","Lee","Nowell",""
"108244","Linda","Lou","James",""
"108271","Edward (ed)","Karl","Holzberger",""
"108273","Donald ","W Jr","Rominger",""
"108276","Dennis","","Mcintire",""
"108281","Bowdy","","Peach",""
"108287","Kevin","Dean","Evans",""
"110028","Gary","W.","Banz",""
"110035","Ron","","Peters",""
"112003","Earl","G","Garrison",""
"110062","Timothy","","Coager",""
"110065","Ron","","Peterson",""
"110082","Mike","P","Mazzei",""
"110105","Mike","C","Kelly",""
"109018","Larry","Wayne","Peck",""
"110109","Jason","Matthew","Hicks",""
"110110","Ann","","Coody",""
"110124","Kyle","J","Leming",""
"110133","Ben","","Sherrer",""
"110134","Jason","","Murphey",""
"110170","Donald","Alan","Condit",""
"110158","Randon","James","Grau",""
"110162","Sandra","Jean","Conner",""
"110182","Samson","R","Buck",""
"110183","Charles","C","Joyner",""
"110193","Dana","Lynn","Orwig",""
"110219","John","D.","Doak",""
"110221","Dana","L","Murphy",""
"110240","Aaron","Keith","Kaspereit",""
"110244","Doug","","Haught",""
"110288","Gus","Ray","Blackwell",""
"110267","Ray","Charles","Elliott",""
"110269","Troy","Gene","Zickefoose",""
"110309","Willard","Leslie","Driesel Jr",""
"110313","Tim","","Harris",""
"110319","Joe","","Kelley",""
"110320","Richard","David","Morrissette",""
"110321","Mike","D","Jackson",""
"110329","Corey","Neal","Holland",""
"110334","Barry","","Denney",""
"110348","G","Wayne","Olmstead",""
"110359","Wilfredo","","Santos-Rivera",""
"110368","John","Paul","Hemminger",""
"110388","John","E","Herndon",""
"110389","Kenneth","Eric","Adair",""
"110407","Gerald","F","Neuwirth",""
"110410","Theresa","","Dreiling",""
"110411","Brian","","Kuester",""
"110414","Bruce","David","Gambill",""
"110416","Douglas","W.","Golden",""
"110422","Mark","Randall","Smith",""
"110430","Norman","D","Thygesen",""
"110432","Pat","","Ver Steeg",""
"110434","Paul","K","Woodward",""
"110440","D","W","Boyd",""
"110453","John","","Blake",""
"110454","Randy","R","Rose",""
"110459","Janica","","Edmonds",""
"110461","Bill","","Welch",""
"110462","George","W","Butner",""
"110467","Darrell","","Shepherd",""
"110470","Ray","Arthur","Prewitt",""
"110474","Mark","R","Campbell",""
"110477","John","P","Crawford",""
"110481","Carolyn","","McNatt Hill",""
"110483","James","Bo","Delso",""
"110486","Tom","","Landrith",""
"110490","Tom","A","Lucas",""
"110491","Donna","Marie","Vogelpohl",""
"110505","Jeff","Harley","Bryant",""
"110509","Paul","Francis","Nosak",""
"110516","Timothy","D","Clem",""
"110520","Traci","Darlynn","Barnes",""
"110521","David","M","Hogan",""
"110522","Edward","Thomas","Tillery",""
"110527","Dynda","R","Post",""
"110538","Susan","Hardy","Brooks",""
"110546","John","Benson","Wright",""
"110598","Lyle","","Miller",""
"110548","Curtis","L","Delapp",""
"110549","Darrell","","Dougherty",""
"110572","Mark","A","Zannotti",""
"112015","Robert","A","Neidhart",""
"111004","Greg","C.","Childers",""
"112058","Josh","Michael","Cockroft",""
"112065","James","Mark","McBride",""
"112068","Greg","","Treat",""
"112081","Elise","","Hall",""
"112084","Darren","Eugene","Gantz",""
"711009","Matthew","","Foster",""
"112089","Robert","Patrick","Anderson",""
"112114","Stephen","Louis","Cortes",""
"112117","Phillip","Lee","Berkenbile",""
"711012","Robert","Arizona","Gwin Jr",""
"711019","David","Edward","Patrick",""
"711021","Steven","Henry","Roemerman",""
"112130","Mike","","Dover",""
"112169","Brian","","Sitsler",""
"114010","Rob","","Johnson",""
"112168","Brooks","G","Mitchell",""
"112176","Emily","Marie","Virgin",""
"112196","Dennis","Rodney","Johnson",""
"112206","Jason","Nevada","Smalley",""
"112208","Jerry","Douglas","Rains",""
"112215","Doris","","Row",""
"112222","Evelyn","L","Rogers",""
"112253","Charles (Chuck)","Lynn","Utsler",""
"112236","William","Ray","Claxton",""
"112251","Howard","Wayne","Houchen",""
"112257","Barney","Scott","Taylor",""
"112258","Gene","","Imel",""
"712023","Richard","Eugene","Frye",""
"112259","Todd","Mark","Thomsen",""
"112261","Jerry","Lee","Tomlinson",""
"112263","Paula","Kim","Sullivan",""
"112268","Rodney","Lynn","Hiebert",""
"112274","Marty","","Quinn",""
"112276","Matt","","Branstetter",""
"112277","Roger","Lee","Shirley",""
"112278","Dave","W","Bell",""
"712025","John","","Whetsel",""
"712035","Tammy","Denise","Alsip",""
"712036","Tammy","Denise","Alsip",""
"114024","Steve","","Kouplen",""
"114020","Wade","","Rousselot",""
"713011","Kathryn","Louise","Taylor",""
"114028","John","","Sparks",""
"114029","Rex","","Duncan",""
"713015","Ronald","Skip","Kelly",""
"110004","William","C.","Kellough",""
"108044","Marian","","Cooksey",""
"108047","Greg","Allen","Piatt",""
"108051","Marian","","Cooksey",""
"108055","Scott","C.","Martin",""
"108057","Diane","Manchester","Drum",""
"108060","Todd","Mark","Thompson",""
"108061","Todd","Mark","Thomsen",""
"108062","Mike","","Reynolds",""
"108064","Mark","Everett","Mccullough",""
"108072","Mike","Duane","Jackson",""
"108080","David","M","Dank",""
"108081","Earl","William","Sears",""
"108086","Glen","""Mike""","Waggoner",""
"108088","Rebecca","","Hamilton",""
"108089","Melinda","","Daugherty",""
"108090","Mike","","Christian",""
"108091","Ron","","Peters",""
"108096","Kevin","Lydell","Matthews",""
"108098","Jim","A","Roth",""
"108112","Pamela","Lynn","Peterson",""
"108116","Logan","","Kuhlenschmidt",""
"108123","Richard","Emory","Smalley",""
"108126","Mike","W","Idleman",""
"110016","Harry","Edward","Coates",""
"110017","Kim","Diane","Holland",""
"108136","Eugene","Glenn","Blankenship",""
"108139","Troy","Eugene","Green",""
"108141","Susan","Clark","Winchester",""
"108146","Jesse","","Guardiola",""
"108154","Dominique","Da Mon","Block",""
"110020","Randall","","Brogdon",""
"108171","Ron","D","Marlett",""
"108172","Keith","","Erwin",""
"110022","Michael","Sean","Burrage",""
"108187","Russell","E","Farley",""
"108188","Steve","Raymond","Young",""
"108199","Charles","Bradford","Perry",""
"108209","Ann","","Coody",""
"108212","Willard","B.","Linzy",""
"108213","Allen","Bryan (Jack)","Cherry",""
"108214","Darrell","Eugene","Nemecek",""
"108217","Ruth","Anne","Kennedy",""
"108223","James","Bo","Delso",""
"108224","James","Arley","Baggett",""
"108245","Maryanne","","Flippo",""
"108251","Tod","Johnson","Barrett",""
"108253","Michael","Anthony","Walker",""
"108267","Bill","","Snyder",""
"108268","Kevin","Sean","Roberts",""
"108269","Lee","Roy","Tucker",""
"108274","Pierce","L.","Jones",""
"108275","Raymond","Gregory","Chapman",""
"108280","Chris","David","Oliver",""
"108282","Cory","Thomas","Williams",""
"108283","Joe","","Dorman",""
"108284","Robert","","Murphy, Jr",""
"108285","Don","Lee","Armes",""
"108289","James","Michael ""mike Ritze""","Ritze",""
"108293","Lewis","Hansen","Moore",""
"108295","Haskell","Murray","Garrett",""
"108301","Shane","David","Jett",""
"110023","Hank","R","Austin",""
"112001","Hank","","Austin",""
"112002","Hank","","Austin",""
"110063","David","","Dank",""
"110076","John","A.","Wright",""
"110096","Rob","","Johnson",""
"110179","Mike","E","Shelton",""
"110100","Dennis","","Johnson",""
"110103","Lisa","Lee Johnson","Billy",""
"110114","Kenneth","Adams","Miller",""
"112007","Elizabeth","R","Hunt",""
"110119","Shawn","D","Hime",""
"110121","James","Harrison","Lockhart",""
"110129","Ryan","Wayne","Smith",""
"110145","Chris","L","Ross",""
"110166","Susan","","Paddack",""
"110168","Cindy","Ferrell","Ashwood",""
"110191","Ralph","F Ii","Keen",""
"110197","Al","","Mcaffrey",""
"110198","Seneca","","Scott",""
"110201","Mike","","Christian",""
"110213","Bill","","Slater",""
"110272","Johnny","Steven","Loard",""
"110278","Dennis","Lynn","Gay",""
"110287","Carlos","James","Chappelle",""
"110317","William (Bill)","","Jennings",""
"110333","James","A","Wilkinson",""
"110344","Zachary","","Knight",""
"110350","Ralph","Allan Lee","Shortey",""
"110352","Lawrence","W","Parish",""
"110357","Dustin","Dwayne","Roberts",""
"110363","Richard","G","Van Dyck",""
"110364","Duane","A","Woodliff",""
"110365","Greg","A","Zigler",""
"110373","Creekmore Ii","","Wallace",""
"110375","Sara","Jane","Boeckman",""
"110378","Michael","A","Walker",""
"110447","Clark","","Huey",""
"110449","D","Clay","Mowdy",""
"110458","Dennis","N","Shook",""
"110463","Wyatt","","Hill",""
"110466","Charles","L","Peters",""
"110471","Douglas","L","Combs",""
"110479","Aaron","Scott","Duck",""
"110482","Michael","D","De Berry",""
"110484","Tommy","","Hardin",""
"110492","Dennis","Ray","Morris",""
"110493","Linda","G","Morrissey",""
"110498","James","Reed","Wolfe",""
"110501","C W","Daimon","Jacobs",""
"110503","Michael","Charles","Bell",""
"110506","Joshua","","Jantz",""
"110510","Charles","L.","Broadway",""
"110518","Sheila","A","Condren",""
"110519","Jay","Kent","Ramey",""
"110528","Eric","Shane","Cullen",""
"110529","Norman","Jason","Nelson",""
"110535","Thomas","J","Hadley",""
"110537","Chris","D","Jones",""
"110542","Caroline","Elizabeth","Wall",""
"110550","Tony","Curtis","Griffith",""
"110551","James","Wade","Lane",""
"110552","David","N","Martin",""
"110553","John","Randall","Mcdaniel",""
"112018","Ronald","G","Justice",""
"110564","Ronald","L","Kincannon",""
"110565","Sheila","G","Kirk",""
"110566","Tom","","Lannigan",""
"110567","Gary","","Maxey",""
"110571","Dennis","W","Weese",""
"110577","James","M","Boring",""
"110579","Bradford","Lee","Benson",""
"112022","Patrick","","Ownbey",""
"112029","Stephen","Carl","Martin",""
"112032","Marian","","Cooksey",""
"112033","Todd","","Russ",""
"112035","Paul","R","Wesselhoft",""
"112036","Wes","","Hilliard",""
"112041","Justin","Freeland","Wood",""
"112042","George","E.","Faught",""
"112045","Al","","McAffrey",""
"112051","Shane","Michael","Saunders",""
"111003","Theresa","Lee","Nelson",""
"111018","Donald","Gene","Ray",""
"112055","Cyndi","M","McArtor",""
"111017","Kevin","Ray","George",""
"112071","Donald","Alan","Condit",""
"112072","Robert","L","Cleveland",""
"112074","James","","Lockhart",""
"112080","Charles","","Wyrick",""
"114005","Kenneth","Adams","Miller",""
"112110","Jon","","Echols",""
"711003","Maria","","Barnes",""
"711007","Jeannie","","Cue",""
"711010","George","","Gibbs",""
"711020","Robert","Dale","Pinney",""
"711030","Gt","","Bynum",""
"711031","Michael","A","Koinwater",""
"112124","Bonnie","Jean","Huffines",""
"112125","Kenneth","James","Walker",""
"112126","Dan","","Arthrell",""
"112129","Magnus","W.t.","Scott",""
"112131","Katharine (Katie)","Huffman","Henke",""
"112137","Larry","Hobart","Boggs",""
"112138","Bob","","Anthony",""
"112139","Shawna","","Keller",""
"112140","Kenneth","Larry","Glenn",""
"112155","Jason","","Murphey",""
"112165","Cory","T.","Williams",""
"712005","Wayne","","Myers",""
"712007","Darry","","Stacy",""
"712008","Stanley","David","Glanz",""
"112185","Daniel","Allen","Arnett",""
"112194","Mark","","Croucher",""
"112205","Dennis","Ray","Casey",""
"112209","Ben","","Sherrer",""
"112213","Jesse","Paul","Lane",""
"112220","Anthony","Scott","Terrill",""
"112226","Glenda","K.","Puett",""
"112282","John","Randall","McDaniel",""
"112228","Charles","","McCall",""
"112229","Scott","Robert","Biggs",""
"712018","Pat","","Key",""
"112232","Julie","Helene","Hall",""
"112239","Roger","Dale","Mattox",""
"112242","Ross","William","Smith",""
"112245","Donald","Cole","Gallup",""
"112246","B.l.","","Cozad Jr",""
"712021","Nathan","","Schlinke",""
"112280","Mark","E.","McCullough",""
"712029","Randy","","Terrill",""
"112286","Roger","Cliffton","Johns",""
"712032","David","","Scroggins",""
"112288","Glenn","Harold","Wright",""
"713007","John","E","Bilbury Iii",""
"114016","Catherine","Marie","Cummings",""
"114023","Pamela","Lynn","Peterson",""
"713010","John","A","Pettis Jr",""
"713016","Lillie","Ruth","Buckner",""
"713017","Tommy","Don","Crall",""
"713018","Ronald","G","Peters",""
"110006","J","Todd","Hiett",""
"108105","Charles","C.","Joyner",""
"108084","Wade","","Rousselot",""
"108104","Brian","A","Crain",""
"108106","Robert","Benjamin","Sherrer",""
"108120","Tad","M","Jones",""
"108124","Charles","Larry","Ortega",""
"108127","Gary","Mitchell","Criswell",""
"108137","Keith","C","Eisenberger",""
"108177","Terry","M","Harrison",""
"108235","Jennifer","Faith","Sherrill",""
"108243","Kenneth","Wayne","Sherrill",""
"108290","Douglas","Gene","Cox",""
"108291","Chad","Christopher","Hawkins",""
"110036","Kenneth","","Corn",""
"108296","Patrick","K","Miller",""
"110031","Daniel","Scott","Sullivan",""
"110040","Jay","Paul","Gumm",""
"110041","Rex","","Duncan",""
"110046","Patrick","","Ownbey",""
"110056","Andrew","Monroe","Rice",""
"110060","Jeffrey","Bryant","Tracy",""
"110061","Jerry","Ray","Shoemake",""
"110066","Mike","","Sanders",""
"110067","Randall","Howard","Gorman",""
"110068","Sue","","Tibbs",""
"110071","Lisa","J","Billy",""
"110113","Michael","Kris","Steele",""
"110146","Ross","Nathaniel","Ford",""
"110194","Brian","T","Hermanson",""
"110165","Robert","","Thompson",""
"110178","John","Michael","Gambill",""
"110209","Frederick","Scott","Esser",""
"110208","Paul","R.","Wesselhoft",""
"110224","Roger","","Jackson",""
"110225","Michael","Allen","Able",""
"110229","Aaron","Ray","Stiles",""
"110230","Oliver","Robert Iii","Barris",""
"110232","Thomas","Joseph","Kovach",""
"110241","Rebecca","Brett","Nightingale",""
"110245","Michelle","","Kirby-Roper",""
"110261","Bryan","Charles","Dixon",""
"110263","Edward","Scott","Pruitt",""
"110264","Lori","Mckinney","Walkley",""
"110273","Damon","Harrison","Cantrell",""
"110275","Darryl","","Roberts",""
"110289","Roger","Dale","Mattox",""
"110303","James","Paul","Longacre",""
"110304","William","Wesley","Choate",""
"110306","A","J","Jones",""
"110332","Twyla","","Gray",""
"112010","Jack","J","Beller",""
"110328","Tim","","Rhodes",""
"110336","Carl","G","Gibson",""
"110343","Mike","","Claver",""
"110353","David","Calvin","Phillips",""
"110360","Jeffrey","C","Smith",""
"110367","Michael","","Gardner",""
"110380","Josh","","Brecheen",""
"110402","Linda","Frances","Molsbee",""
"110398","Allie","Estel","Burgin",""
"110399","Dan","","Allen",""
"110400","Donald","L.","Deason",""
"110406","James","Paul","Davenport",""
"110412","Joe","","Enos",""
"110428","Jonathan","K","Sullivan",""
"110431","Joe","Sam","Vassar",""
"110433","Thomas","H","Alford",""
"110435","Loren","E","Angle",""
"110443","Kevin","Lydell","Matthews",""
"110455","Greg","","Brown",""
"110465","John","David","Maley",""
"110496","B","Gordon","Allen",""
"110502","Gary","A","Jones",""
"110504","David","E.","Hanigar",""
"110508","Brian","Shawn","Kelly",""
"110512","Wendell","Grant","Huskey",""
"110515","Edward","A","Shadid",""
"110560","John","Duffield","Gardner",""
"110570","Kenneth","C","Watson",""
"111001","Todd","","Brawley",""
"110587","T","W","Shannon",""
"110599","Charles","Daniel","Key",""
"112043","Wade","","Rousselot",""
"112046","Scott","","Martin",""
"112047","Sally","Rogers","Kern",""
"114001","Jonathan","","Nichols",""
"112052","David","","Brumbaugh",""
"112057","Kendall","Gene","Luttrell",""
"112061","Tommy","W.","Nicholson",""
"112062","John","W","Ford",""
"112077","Ron","L.","Sharp",""
"112083","Cecil","J","Williams",""
"112104","Brian","A.","Crain",""
"711008","Andrew","Blake","Ewing",""
"711024","Byron","William","Steele Iii",""
"711026","Phillip","Lawrence","Lakin, Jr",""
"112122","Robert","J.","Walpole",""
"112123","Gerald","J","Lovoi",""
"112128","William","Clark","Southard",""
"112134","Kevin","Lydell","Matthews",""
"112147","Dennis","","Johnson",""
"114009","Bill","L","Brown",""
"112166","Clayton","Eliot","Potts",""
"112167","Mike","","Christian",""
"112170","Brian","Ellis","Renegar",""
"112171","Douglas","G","Cox",""
"112293","Anastasia","A.","Pittman",""
"112252","Stephen","E","Covert",""
"112284","Jeffrey","Wayne","Hickman",""
"712038","Tammy","Denise","Alsip",""
"112289","Curtis","L","McDaniel",""
"112294","Anthony","Bryce","Marlatt",""
"716001","Joe","","Lester",""
"114030","Jeannie","Marie","McDaniel",""
"114031","Jerry","Ray","Shoemake",""
"114032","Stephen","Carl","Martin",""
"108119","Dana","L","Murphy",""
"108192","Jim","F","Wilson",""
"108196","Gus","Ray","Blackwell",""
"108228","Isaac","A","Samuel",""
"108238","Daniel","Edwin","Mcmahan",""
"108247","Dustin","Timothy","Mcgowen",""
"108294","David","","Taylor",""
"108299","Eddie","","Fields",""
"110026","Jason","","Reese",""
"110027","George","E","Faught",""
"110029","Eric","Dean","Proctor",""
"110032","George","","Faught",""
"112004","Charlie","","Laster",""
"110044","Jabar","","Shumate",""
"110045","Purcy","Dale","Walker",""
"110051","Mary","Copeland","Fallin",""
"110078","Marty","L","Quinn",""
"110079","Sally","","Kern",""
"110081","David","Wayne","Prater",""
"110084","Todd","Griffin","Lamb",""
"110085","Michael","Colby","Schwartz",""
"110093","Janet","C","Barresi",""
"110098","Eric","Shane","Cullen",""
"110099","Steve","","Kouplen",""
"110101","Glen","W","Mulready",""
"110116","John","","Trebilcock",""
"110108","Kimberley","Ray","David",""
"110118","Brittany","Michelle","Novotny",""
"110117","Robert","Glenn","Barnett",""
"110120","Fred","","Jordan",""
"110127","Bradford","Neal","Clinkenbeard",""
"110128","Emily","Marie","Virgin",""
"110141","Matthew","Landon","Webb",""
"110150","Jim","T.","Priest",""
"110161","Bret","T","Burns",""
"110167","Terry","M","Harrison Jr.",""
"110169","Russell","Marrow","Tacheira",""
"110184","Tad","Marion","Jones",""
"110185","Kendall","Gene","Luttrell",""
"110189","Bud","Neal","Patterson",""
"110190","Raymond (rc)","Carl","Pruett",""
"110192","John","Robert","Bennett",""
"110195","Jon","","Robinson",""
"110196","Scott","","Inman",""
"110202","Tom","R","Newell",""
"110204","Cliff","Allen","Aldridge",""
"110210","Lucky","","Lamons",""
"110218","Mark","L","Gibson",""
"110223","Jerry","Lee","Tomlinson",""
"110228","Lenora","Elizabeth","Brown",""
"110231","John","Marvin","Freeman",""
"110237","Barbara","G","Swinton",""
"110239","Zana","Lynn","Williams",""
"110242","Edward","L","Smith",""
"110248","Paul","Cristopher","Parrott",""
"110250","Carl","Porter","Funderburk",""
"110251","Kurt","George","Glassco",""
"110252","Norm","David","Seaberg",""
"110253","Richard","J","Phillips",""
"110254","David","","Brooks",""
"110256","Preston","","Harbuck",""
"110257","Lee","Roberts","Denney",""
"110260","Jacqueline","Marie","Short",""
"110271","Chris","M","Odneal",""
"110285","Dominique","DaMon","Block",""
"110292","Patricia","Gayle","Parrish",""
"110298","Brian","Ellis","Renegar",""
"110294","John","T","Enns",""
"110296","Jeff","","Hickman",""
"110300","Elise","","Hall",""
"110322","Nick","","Brown",""
"110327","Gregory","Ben","Dixon",""
"110330","Jim","","Fischer",""
"110340","Laura","","Wallis",""
"110341","Douglas","Wayne","Merritt",""
"110345","Rita","Jean","Jencks",""
"110351","R","Kent","Hunt",""
"110381","Robert","T.","Murphy",""
"110386","Robert","G","Haney",""
"110392","Seth","Andrew","Adams",""
"110396","Terry","H","McBride",""
"110397","Charles","Allen Jr","McCall",""
"110403","Russell","Coleman","Vaclaw",""
"110419","Wanda","Jo","Peltier",""
"110436","Don","A","Work",""
"110437","Tianna","Jadine","Nollan",""
"110451","Walter","W","Roberson",""
"110457","Kyle","James","Burmeier",""
"110460","Jill","Carpenter","Weedon",""
"110475","Wallace","","Coppedge",""
"110476","Richard","B","Darby",""
"110487","Rusty","","Farley",""
"110499","Patrick","Ralph","Abitbol",""
"110514","Jeff","Alan","Packham",""
"110559","Danny","R","Deaver",""
"112012","Harold","Harndon","Haralson",""
"110568","Jeff","","Payton",""
"110573","Matthew","D","Henry",""
"110581","Robert","E II","Reavis",""
"110590","Jefferson","D","Sellers",""
"110591","Michael","Renee","Brown",""
"110593","Joseph","Earl","Dorman",""
"112016","Kenny","Robert","Goza",""
"112013","Robert (Rob)","","Standridge",""
"110600","Doyle","E","Blythe",""
"112017","Carol","","Hefner",""
"112025","Edward","","Cannaday",""
"112020","Greg","","Treat",""
"112024","Gary","","Banz",""
"112026","Daniel","Scott","Sullivan",""
"112031","Jeannie","Marie","Mcdaniel",""
"112038","Jabar","","Shumate",""
"112039","James","Edmund","Halligan",""
"112048","Mike","","Reynolds",""
"114002","James","Gregory","Mashburn",""
"114003","Richard","L.","Smothermon",""
"111014","Curtis","L","McDaniel",""
"111019","Kenny","Wayne","Sivard",""
"111020","Joe","Mac","Silk",""
"112069","Kevin","Wayne","McDugle",""
"112085","Ed","","Moore",""
"112076","Claudia","","Griffith",""
"112078","Bob","","Dani",""
"112094","William","","Fourkiller",""
"112092","David","","Derby",""
"112093","Al","","McAffrey",""
"112095","Fred","Ray","Smith",""
"112096","Mike","","Shelton",""
"112097","David","Michael","Dank",""
"711004","Mike","F","Batman",""
"112099","Charles","C","Joyner",""
"112115","Wayne","","Murphey",""
"112119","Evelyn","L","Rogers",""
"112121","Chris","","Humphreys",""
"114006","John","D.","Doak",""
"112136","Richard","Neal","Agent",""
"112142","Jim","D","Bynum",""
"112153","Glen","W","Mulready",""
"112160","Raymond (rc)","Carl","Pruett",""
"112163","Ron","","Magar",""
"112180","Michael","Arthur","Fullerton",""
"712006","Tim","","Rhodes",""
"712010","Joe","","Lester",""
"712011","Brian","","Maughan",""
"112186","Peggy","Nell","Davenport",""
"112195","Richard","D.","Morrissette",""
"712015","Sam","","Holt",""
"112202","Nathan","","Dahm",""
"112204","Charles","Larry","Ortega",""
"112218","Honesimo","","Garcia",""
"112235","Randall","L","Reese",""
"112241","David","Louis","Perryman",""
"112247","Troy","Eugene","Green",""
"112248","David","Wayne","Narcomey",""
"112267","Paul","Mario","Catalano",""
"112270","Jim","Marvin","Massey",""
"112271","Steven","Lloyd","Vines",""
"112272","Julie","","McKinney",""
"112273","Stewart","M","Meyer",""
"112279","Katharine (Katie)","Huffman","Henke",""
"112281","Skye","D","McNiel",""
"112283","Dan","","Arthrell",""
"712028","Karen","G","Keith",""
"712039","Tammy","Denise","Alsip",""
"114037","Brian","Donald","Winslow",""
"712042","Arianna","","Moore",""
"114034","Mike","","Sanders",""
"108033","Richard","D","Morrissette",""
"108034","Richard","","Lerblance",""
"108035","Thomas","","Adelson",""
"108037","Daniel","B. ","Newberry",""
"108038","Wallace","","Collins",""
"108048","Michael","Kris","Steele",""
"108049","Test","","Test",""
"108050","David","","Derby",""
"108052","Jason","W.","Murphey",""
"110009","Constance ","N","Johnson",""
"108053","George","E.","Faught",""
"108067","Dennis","","Johnson",""
"108068","Scott","Norris","Bighorse",""
"108122","John","Randall","Mcdaniel",""
"108075","Weldon","Lee","Watson",""
"108109","Jonathan","David","Echols",""
"108131","Kathi","Dolores","Mask",""
"108135","Mary","Jane","Anderson",""
"108173","Jeff","","Cloud",""
"108174","Graham","Ian","Guhl",""
"108175","Lynn","E","Norman",""
"108176","Jerry","Ray","Shoemake",""
"108179","John","T","Enns",""
"108183","Michael","Rene","Brown",""
"108185"," Edward","Henry","Cannaday",""
"108193","Anastasia","A.","Pittman",""
"108201","Jerry","","Mcpeak",""
"108207","Corey","Neal","Holland",""
"108208","Joe","W","Crowder",""
"108211","Daisy","","Lawler",""
"108216","Brian","Michael","Jackson",""
"108222","Ronald","G","Sheppard",""
"108226","Joseph","Benjamin","Lott",""
"108227","Charles","E","Gray",""
"108254","Dwain","Lee","Jindra",""
"108255","Judy","Eason","Mcintyre",""
"108263","Robert","Dean","Batterbee",""
"108264","George","Leonard","Bullock",""
"108266","Gregory","Mark","Wilson",""
"108272","David","Lee","Boren",""
"108277","Marvin","Ronnie","Henderson",""
"108279","Janet","K","Sullivan",""
"108288","Les","","White",""
"108303","George","","Bullock",""
"110033","Bill","L","Brown",""
"110037","Michael","Ray","Thompson",""
"110039","Stephen","Carl","Martin",""
"110053","Steve","","Burrage",""
"110070","Wade","","Rousselot",""
"110077","Warren","Matthew","Jackson",""
"110080","Sally","","Kern",""
"110087","Marian","","Cooksey",""
"110088","Mike","","Reynolds",""
"110090","Thomas","","Ivester",""
"110132","Neil","","Brannon",""
"110143","Charles","Lynn","Bullard",""
"110139","Janice","Gayle","Aldridge",""
"110142","Kevin","Sean","Roberts",""
"110154","Wes","","Hilliard",""
"110159","Eddie","","Fields",""
"110187","Timothy","D","Mccoy",""
"110188","Mark","Andrew","Matloff",""
"110199","Anastasia","A.","Pittman",""
"110206","James","Ferguson III","Harvey",""
"110212","Hollis","Earl","Thorp",""
"110214","Farley","Wayne","Ward",""
"110215","John","Benjamin","Husted",""
"110216","Jeff","S","Jones",""
"110226","Dennis","A","Smith",""
"110233","Lisa","Tipping","Davis",""
"110276","Elizabeth","A","Donnelly",""
"110305","Edwin (Ed)","L","Kelley",""
"110314","James","Michael ""mike Ritze""","Ritze",""
"110323","Richard","Wayne","Kirby",""
"110325","Emily","Jean","Redman",""
"110337","Joe","L","Jackson",""
"110346","David","Wayne","Narcomey",""
"110361","Daniel","N","Stankiewicz",""
"110362","Wesley","Ray","Thompson",""
"110383","John","Albert","Mantooth",""
"110391","Mark","A","Ihrig",""
"110394","John","","Kane",""
"110415","Tom","","Gillert",""
"110418","Jerry","Lee","Nowell",""
"110424","Jon","Tom","Staton",""
"110429","Micah","Luke","Thompson",""
"110438","Wilson","John","Adamson",""
"110441","Richard","E","Branam",""
"110442","Jonathan","","Nichols",""
"110444","John","Mark","Eagleton",""
"110448","Martha","K","Kilgore",""
"110450","Rocky","Lyn","Powers",""
"110456","Philip","Arnold","Ross",""
"110468","Jeff","","Collyge",""
"110472","Richard","Eugene","Cooper",""
"110478","Mark","L","Dobbins",""
"110485","Ted","A","Knight",""
"110495","Lee","","Card",""
"110497","Thomas","Sheldon","Walker",""
"110511","Richard","Dean","Bennett",""
"110513","William","James","Musseman",""
"110525","Roger","Lee","Shirley",""
"110531","Thomas","M","Bartheld",""
"110557","Mark","","Cornell",""
"110558","Michael","J","Corrales",""
"110576","Winford","Mike","Warren",""
"110592","Anastasia","A","Pittman",""
"110585","Doris","L","Fransein",""
"112019","Steven","","Dobbs",""
"110597","Jerry","","McPeak",""
"112021","Jerry","Ray","Shoemake",""
"112027","Steve","","Kouplen",""
"112028","Susan","","Paddack",""
"112044","Donald","Dwayne","Thompson",""
"112034","William","Wesley","Wheeler Jr",""
"112040","Lisa","J","Billy",""
"112049","Weldon","Lee","Watson",""
"112056","Ann","","Coody",""
"112060","Jeffrey","Don","Renner",""
"112067","Paula","Gay","Roberts",""
"111021","James","","Skipper",""
"112101","Tom","R","Newell",""
"112102","Michael","D","Shaw, Jr.",""
"112109","Randy","","Terrill",""
"112111","Paul","K","Blair",""
"112116","James","Alon","Morrison",""
"711013","Jack","R","Henderson",""
"711014","Elizabeth","","Hunt",""
"711025","William","P","Suliburk",""
"112127","Ann","Janette","Griffin",""
"112132","Lydia","Maria","D'Ross",""
"112143","Scott","","Inman",""
"112145","Matt","","Harney",""
"112148","Corey","","Holland",""
"114008","Mike","","Schulz",""
"112156","Jerry","Lyndon","Ellis",""
"112164","Mike","","Turner",""
"112174","Kevin","Sean","Roberts",""
"112175","Dustin","Dwayne","Roberts",""
"112179","Arthur","Harold","Hulbert",""
"712003","David","","Houck",""
"712009","Charles","D","Key",""
"112192","Coy","Ray","Farmer",""
"112193","Carolyn","Sue","McNatt",""
"712014","Kelly","","Barlean",""
"112199","Rebecca","","Hamilton",""
"114011","Constance","N","Johnson",""
"112216","Curtis","Todd","Moore",""
"112217","Ryan","D","Jernigan",""
"112243","Curtis","J","Mullins",""
"712020","Charley","","Batt",""
"112254","Timothy","Craig","Wright",""
"112262","Don","","Armes",""
"112264","Randy","Ray","Gilbert",""
"112269","Derick","Steven","Jensen",""
"112287","Patty","Sue","Wagstaff",""
"712031","Tammy","","Howard",""
"112290","Gus","Ray","Blackwell",""
"112291","Jerry","","McPeak",""
"116001","Dan","","Newberry",""
"712040","Mitchell","","Slemp",""
"713008","Dewey","Follett","Bartlett",""
"713004","William","L","Christiansen",""
"713006","Pete","","White",""
"114017","Donna","","Anderson",""
"713009","Ronald","","Kelly",""
"114027","Roger","","Ballenger",""
"713013","Star","","Young",""
"108069","Fred","","Jordan",""
"110011","Mike","","Schulz",""
"108117","David","","Castillo",""
"108203","Daniel","Martin","Gambill",""
"108231","Harold ","Wayne","Jackson",""
"108258","Gary","Dean","Starns",""
"108259","Cole","Tanner","Koszara",""
"110025","John","Michael","Gambill",""
"110054","Todd","Mark","Thomsen",""
"110055","Randall","","Brogdon",""
"110057","Chris","Lee","Pierce",""
"110059","Howard","Allen","Pidcock",""
"110072","Weldon","","Watson",""
"110075","John","","Sparks",""
"110092","Donald","Dwayne","Thompson",""
"110095","Harold","","Wright",""
"110102","Owen","","Laughlin",""
"110104","Amy","Deann","Corley",""
"110126","Oden","Montgomery","Grube",""
"109020","Jeff","","Ledford",""
"110125","David","Joseph","Looby",""
"110130","Jarrod","Michael","Ridenour",""
"110131","Cliff","","Branan",""
"110148","Donna","Jean","Spring",""
"110149","David","","Derby",""
"110152","Randy","W.","Bass",""
"110156","Charles","Thomas","Hoskin",""
"110164","Clark","","Jolley",""
"110174","Robert","Sneed","Hubbard Ii",""
"110175","Kenneth","Larry","Glenn",""
"110180","Dennis","Ray","Bailey",""
"110186","Robert","L","Hudson",""
"110200","Jeannie","M.","Mcdaniel",""
"110211","David","L","McLain",""
"110217","Dennis","Ray","Casey",""
"110222","Timothy","Dean","Haworth",""
"110238","Brian","J","Henderson",""
"110246","Cindy","Hong","Truong",""
"110247","Skye","Deann","Mcniel",""
"110266","Daniel","Lee","Owens",""
"110268","Robert","Eugene","Davis",""
"110270","Gail","Kathleen","Vines",""
"110274","Jerry","S.","Moore",""
"110277","Rebecca","","Hamilton",""
"110283","Kyle","Ernest","Coulter",""
"110286","Mary","Fran","Fitzgerald",""
"110293","Cory","T.","Williams",""
"110297","John","M.","Wampler",""
"110299","Earl","","Sears",""
"110301","Ricky","Alan","McPhearson",""
"110307","Daniel","Paul","Stake",""
"110308","Josh","Michael","Cockroft",""
"110316","Mark","Henry","Croucher",""
"110354","James","","Pratt",""
"110355","Gerald","H","Riffe",""
"110382","Marion","Dale","Fry",""
"110395","Richard","E","Mayfield",""
"110404","Larry","Dean","Moore",""
"110405","Mark","A","Moore",""
"110409","William","T.","Fourkiller",""
"110413","Rodger","L.","Ensign",""
"110417","Charles","N.","Gray",""
"110421","G.","Brent","Russell",""
"110423","Gary","","Snow",""
"110425","Dwayne","","Steidley",""
"110426","Janice","Marie","Steidley",""
"110439","Kevin","Dwain","Buchanan",""
"110452","Glen","Bud","Smithson",""
"110473","Thomas","Roy","Cook",""
"110480","Gregory","Ray","Brown",""
"110494","Michael","Bryce","Lair",""
"110500","Tracy","","Schumacher",""
"110523","Clyde","E","Madden",""
"110524","Keith","","Aycock",""
"110526","Sharon","Cathy","Parker",""
"110545","Joseph","Michael","Sherrod",""
"110561","Mickey","J","Hadwiger",""
"110562","Ryan","D","Reddick",""
"110574","Annie","J","Goolsby",""
"110582","Shawn","S","Taylor",""
"110584","Stephen","Edward","Covert",""
"111016","Keith","Elliott","Bain",""
"110588","Tammy","","Bass-LeSure",""
"110594","Timothy","","Olsen",""
"112059","John","J","Trebilcock",""
"112063","Earl","","Sears",""
"112070","Paul","David","Maus",""
"112079","Tommy","","Hardin",""
"112082","Leslie","Kathryn","Osborn",""
"711002","Judith","","Adams",""
"112088","Randon","","Grau",""
"112107","Kay","","Floyd",""
"711028","Roscoe","H","Turner Sr",""
"112135","Stan","Abe","Sallee",""
"112141","Patrice","","Douglas",""
"112144","Aaron","","Stiles",""
"112161","Gary","M","Stanislawski",""
"112157","Jack","Anthony","Reavis",""
"112158","Pamela","Lynn","Peterson",""
"112173","David","C","Phillips",""
"112178","Kyle","David","Loveless",""
"712002","Carolynn","","Caudill",""
"712004","Larry","","Mcatee",""
"712012","Darrell","W","Sorrels",""
"112182","Aaron","Keith","Kaspereit",""
"112184","Eric","E","Beu",""
"112187","Gilbert","L","Hensley Jr",""
"112188","Lois","I","Jacobs",""
"112191","Brian","","Graham",""
"112198","Stephen","Earl","Barton",""
"112207","Steven","Eric","Vaughan",""
"112221","Douglas","R","Garcia",""
"712019","Marilee","K","Thornton",""
"112260","Paul","Mario","Catalano",""
"112265","Clark","","Jolley",""
"112275","Michael","John","Romero",""
"114012","Janet","C.","Barresi",""
"112285","Paul","Francis","Nosak",""
"713003","James","Lael","Greiner",""
"114021","Donnie","","Condit",""
"114014","Todd","Griffin","Lamb",""
"114015","Gregory","","Ingle",""
"114033","Weldon","","Watson",""
"114036","Todd","","Russ",""
"108032","Ron","D","Peterson",""
"110005","Edward ","James","Wyant",""
"108054","Danny","","Morgan",""
"108078","Eric","","Proctor",""
"108082","Lance ","William","Cargill",""
"108097","Steven","Dane","Russell",""
"108128","Steve","","Kouplen",""
"108133","Steve","","Kouplen",""
"108145","Rob","","Johnson",""
"108147","Paul","R","Wesselhoft",""
"110019","Richard","Lee","Smothermon",""
"108150","Christopher","Michael","Cameron",""
"108152","Mike","","Sanders",""
"108164","Harold","","Wright",""
"108165","Perry","Lynn","Adams",""
"108181","Lynn","E","Norman",""
"108182","Bill","","Nations",""
"108200","Dianne","Lynn","Hunter",""
"108206","Jeremiah","D","Elix",""
"108219","John","L","Moore",""
"108220","Sean","Brian","Oliver",""
"108221","Mike","A","Shelton",""
"108229","Jon-paul","","Ammirata",""
"108233","Tommy","","Cosgrove",""
"108234","Charles","","Barnes",""
"108236","John","Paul","Jordan",""
"108237","Patrick","","Ownbey",""
"108239","Dan","","Kirby",""
"108270","Jeffrey","Wayne","Hickman",""
"108278","Richard","","Prawdzienski",""
"108286","Randal","D","Terrill",""
"108297","Lorenzo","Allen Sr.","Thompson",""
"108302","Samson","R.","Buck",""
"110038","Kenneth","","Corn",""
"110058","Fred","Colson Jr.","Smith",""
"110049","Jari","","Askins",""
"110064","John","","Auffet",""
"110069","Sue","","Tibbs",""
"112005","Mike","P","Mazzei",""
"110086","Scott","","Martin",""
"110089","Michael","Charles","Carnuccio",""
"112006","Allen","David","Kidd",""
"110140","Rick","Lawrence","Brinkley",""
"110122","Leslie","Kathryn","Osborn",""
"110147","Pamela","Lynn","Peterson",""
"110155","Maya","Frances","Torralba",""
"110157","Dale","Ray","Dewitt",""
"110173","Michael","Thomas","Masters",""
"110176","Thomas","Isaiah","McCaslin",""
"110177","Mark","","Costello",""
"110203","Dan","","Kirby",""
"110205","Mark","Dean","Allen",""
"110207","Seth","","Watkins",""
"110220","Bill","","Graves",""
"110227","Dana","Lynn","Kuehn",""
"110236","Phillip","Craig","Corley",""
"110243","Frank","L","Simpson",""
"110255","Steven","Eric","Vaughan",""
"110281","Todd","","Russ",""
"110279","Donald","William","Rominger Jr.",""
"110280","Don","","Armes",""
"110311","Bryan","David","Cain",""
"110315","Richard","Allen","Miller",""
"112009","Dan","","Newberry",""
"110324","Christopher","Shawn","Kelly",""
"110331","Barney","K","Barnett",""
"110335","Michael","C","Flanagan",""
"110356","David","Lee","Roberts",""
"110366","Steven","Wayne","Davis",""
"110371","Richard","","Prawdzienski",""
"110377","James","David","Thornley",""
"110379","David","Max","Cook",""
"110390","Dennis","","Hladik",""
"110393","Bob","W.","Hughey",""
"110427","C.","William Bill","Stratton",""
"110464","Stephen","R","Kistler",""
"110469","Dennis","M","Sprouse",""
"110517","Gary","P","McGinn",""
"110530","Randy","","Terrill",""
"110533","William","Eugene","Crozier",""
"110534","William","Wayne","Eakin",""
"110536","Larry","","Huff",""
"110539","C","Clancy","Smith",""
"110540","Robert","John","Wagner",""
"110543","Andrew","Thomas","Williams",""
"110544","Gary","Bing","Wines",""
"110547","Jim","","Worrell",""
"110596","Reid","K","Mayfield",""
"112064","Seneca","","Scott",""
"111002","Kenneth","","Meador",""
"112066","Nicholas","Arden","Singer",""
"112075","Dan","","Kirby",""
"112086","Dan","","Fisher",""
"112100","Victor","Shaun","Cramer",""
"112106","Dale","Ray","Dewitt",""
"112108","Jeffery","","Riles",""
"112113","Jason","","Reese",""
"711005","David","W","Bell",""
"711011","Karen","","Gilbert",""
"711015","Twan","","Jones",""
"711017","James","S","Mautino",""
"112118","Jason","","Nelson",""
"711027","Chris","","Trail",""
"711029","Kimberlee","","Whiteman",""
"712001","Salome","Lee","Vaughn",""
"112152","Guy","H","Liebmann",""
"112154","John","","Bennett",""
"112162","John","T","Enns",""
"713001","Larry","","Mcatee",""
"112189","Wayne","Earl","Shaw",""
"112190","Keith","","Kinnamon",""
"112197","Lee","","Denney",""
"112201","Corey","D.","Brooks",""
"112211","Charles","Thomas","Hoskin",""
"112214","James","David","Tackett",""
"112219","James","Bo","Delso",""
"112224","Brian","Keith","Spencer",""
"112230","Samuel","Q","Dishmon",""
"112231","Russell","Don","Turner",""
"112240","Nancy","L","Niemann",""
"112237","Glyn","Andrew","Byte",""
"112238","Willard","","Linzy",""
"112249","Leon","Arthur","Pivinski",""
"112250","Matthew","Wayne","White",""
"112255","Richard","","Prawdzienski",""
"712022","Gordon","Dale","Oliver",""
"712034","Jeff","","Coleman",""
"712037","Tammy","Denise","Alsip",""
"114026","David","W.","Prater",""
"114019","Patrick","","Ownbey",""
"114035","Michael","","Copeland",""
"713014","Ben","T","Robinson",""
"713019","Ronald","G","Peters",""
"110007","Sandy","","Garrett",""
"108036","Wilfredo","","Santos - Rivera",""
"110008","Sandy","","Garrett",""
"108039","Guy","H","Liebmann",""
"108066","John","W","Ford",""
"108041","Michael","Colby","Schwartz",""
"108042","Todd","Mark","Thomsen",""
"108045","Scott","Norris","Bighorse",""
"108046","Scott","C.","Martin",""
"108063","Mike","","Reynolds",""
"108065","Rob","","Johnson",""
"108070","Christie","","Breedlove",""
"108071","Lucky","","Lamons",""
"108073","Don","","Barrington",""
"108074","Gary","Michael","Stanislawski",""
"108076","Aaron","C","Carlson",""
"108077","Hank","","Austin",""
"108079","Seneca ","Dee ","Scott",""
"110012","James","Gregory","Mashburn",""
"108092","Charles","Thomas","Hoskin",""
"108093","Rick","O","Wolfe",""
"108094","Jeff","A","Applekamp",""
"108095","Michael","Clinton","Pierson",""
"108099","Trebor","","Worthen",""
"108100","Monroe","","Nichols Iv",""
"108103","Jan","J","Megee",""
"108107","Jeannie","Marie","Mcdaniel",""
"110018","Brian","J.","Bingman",""
"110015","Scott","","Meacham",""
"108129","Todd","Griffin","Lamb",""
"108148","Jared","Lesley","Deck",""
"108149","Lyle","Kevin","Miller",""
"108151","David","T","Hopper",""
"108155","Ryan","D.","Kiesel",""
"108156","Tim","R","Riddle",""
"108157","Rodger","Lynn","Ensign",""
"108158","Scott","Michael","Inman",""
"108159","Elverez","Garland","Allen",""
"108160","Chris","","Benge",""
"108161","Kelly","Devin","Kerr",""
"108162","Dennis","Ray","Bailey",""
"108166","Sally","R","Kern",""
"108170","Ryan","David","Mcmullen",""
"110021","Michael","Sean","Burrage",""
"108178","Andrew","","Winningham",""
"108180","Debbie","Ann","Lienhart",""
"108184","John","P.","Newhouse",""
"108186","Brian","Ellis","Renegar",""
"108210","Lawrence","","Kirkpatrick",""
"108215","Eric","Edward","Epperson",""
"108225","Donald","Edward","Russell",""
"108230","Leslie","Kathryn","Osborn",""
"108240","Jane","","Mcneff",""
"108241","Matt","","Cunningham",""
"108242","Kenneth","Wayne","Sherrill",""
"108246","Scott","","Cooper",""
"108248","Sebastian","","Lantos",""
"108249","Gary","Allen","Casey",""
"108250","Jay","M","Matlock",""
"108252","Matt","","Collins",""
"108256","Randy","Gene","Warren",""
"108257","Lawrence","James","Mann",""
"108260","Jay","Kent","Ramey",""
"108261","Pamela","","Ashby",""
"108262","Brent","Russell","Colle",""
"108265","Connie","","Dodson",""
"108298","Jordan","Pate","Shearer",""
"108300","Kelly","Lamar","Clark",""
"110024","Test","Test","Test",""
"110030","Steven","Craig","Gallo",""
"110034","David","Fuller","Holt",""
"110042","Dennis","L","Adkins",""
"110043","Paul","D","Roan",""
"110047","Guy","H","Liebmann",""
"110048","Ryan","Timothy","Leonard",""
"110050","Mike","","Fields",""
"110052","Shawnnessy","M.","Murphy",""
"110073","Markwayne","","Mullin",""
"110074","Mark","Everett","Mccullough",""
"110083","David","Ralph","Brumbaugh",""
"110091","Robert","L","Bradway",""
"110094","Danny","","Morgan",""
"109001","Todd","","Russ",""
"110107","Douglas","G","Cox",""
"110112","Edward","Henry","Cannaday",""
"110115","Molly","Darleen","Mckay",""
"109019","Alex","","Damon",""
"110123","Nathan","Wilcox","Williams",""
"110144","Kalyn","Cherie","Free",""
"110151","Lewis","Hansen","Moore",""
"110153","Anthony","Wade","Sykes",""
"110160","Dylan","Wayne","Billings",""
"110163","Roger","","Ballenger",""
"110171","Phil","","Richardson",""
"110172","Dale","","Christenson Jr.",""
"110181","Jackie","Conrad","Accountius",""
"110234","P.","Thomas","Thornbrugh",""
"110235","Mark","Phillip","Temple",""
"110249","Carson","Michael","Brooks",""
"110258","Barrett","Howard","Harris",""
"110259","Thomas","E","Salisbury",""
"112103","Lewis","","Moore",""
"110262","John","W","Mccue Ii",""
"110265","Wallace","","Collins",""
"110282","Louis","Alvin","Duel Jr",""
"110284","Stephen","William","Bonner",""
"110290","Stephen","Patrick","Skacall",""
"110291","Noma","","Gurich",""
"110295","Clarence","Kent","Eldridge",""
"110302","Michael","Todd","Beason",""
"110310","Glenn","Martin","Jones",""
"110312","Aaron","D","Latham",""
"110326","Charles","Larry","Ortega",""
"110338","Ray","Dean","Linder",""
"110339","Gary","E","Miller",""
"110342","Patrick","Thomas","Crawley",""
"110347","Mike","","Norman",""
"110349","James","M","Caputo",""
"110358","Norman","L","Russell",""
"110369","Robert","M","Highsmith",""
"110370","Clayton","Eli","Potts",""
"110372","Randall","","Reese",""
"110374","James","D","Bland",""
"110376","Rick","","Bozarth",""
"110385","Jack","D","Hammontree",""
"110387","Brian","C","Henderson",""
"110401","Norman","Earl","Hollingsworth",""
"110408","Tom","L","Newby",""
"110420","Charles","E.","Roberts",""
"110445","Hollis","","Harper",""
"110446","Jesse","S","Harris",""
"110488","Alan","Wayne","Gentges",""
"110489","Mark","William","Manley",""
"110507","Jon","R","Patton",""
"110532","Jerry","Wayne","Combrink",""
"110541","Johnny","Michael","Laudermilk",""
"110555","Bernard","F","Adler",""
"110556","Jerry","D","Bass",""
"110563","Jana","","Wallace",""
"110569","Ted","L","Ryals",""
"110575","Tod","","Yeager",""
"110578","Steven","Craig","Ladd",""
"110580","Paul","S","Faulk",""
"112037","T","W","Shannon",""
"112014","Don","","Barrington",""
"112023","Eric","","Proctor",""
"112050","John","","Newhouse",""
"112054","Paul","","Wesselhoft",""
"111015","Bethany","Lauren","Farley",""
"112087","Dan","","Kirby",""
"114004","Mary","Copeland","Fallin",""
"112090","Fred","","Jordan",""
"112105","Mike","","Sanders",""
"112112","Tianna","Jadine","Nollan",""
"112266","Michael","R","Brown",""
"711006","Kenneth","L","Brune",""
"711016","Thomas","D","Mansur",""
"711018","Phillip","Edward","Oyler",""
"711022","Sam","","Roop",""
"711023","Nancy","Lynne","Rothman",""
"112120","Don","P","Little",""
"112133","Marilyn","","Rainwater",""
"114007","Eddie","","Fields",""
"112146","Traci","","Barnes",""
"112149","Bobby","Dan","Jefferson",""
"112150","Mike","D","Jackson",""
"112151","Michael","Colby","Schwartz",""
"712013","John","","Whetsel",""
"112177","Jason","","Carini",""
"112181","Terry","S","O'Donnell",""
"714001","Russell","Mack","Sullivan",""
"112183","Robert","D","Reck",""
"112210","Ernest","R.","Clark",""
"712016","Gordon","D","Jeney",""
"112203","Ronda","","Vuillemont-Smith",""
"112212","James","Michael","Ritze",""
"112223","Samuel","Q","Dishmon",""
"112227","A.J.","","Bailey",""
"112233","Kendra","","Menz-Kimble",""
"112234","Ed","","Holzberger",""
"112244","David","W.","Davis",""
"112256","Mike","","Jestes",""
"114013","Brian","J.","Bingman",""
"712026","Dean","","Martin",""
"713005","Gary","Bruce","Marrs",""
"712030","Rhonda","Joan","Hall",""
"712033","Cassidy","Summer","Tandy",""
"714002","Mick","","Cornett",""
"114018","Eric","","Proctor",""
"114022","Jeannie","M.","McDaniel",""
"713012","Carolyn","","Sims",""
"114025","Michael","E","Taylor",""
"713020","Ronda","Vuillemont","Smith",""
"114038","Edward","Scott","Pruitt",""
"114048","Dan","","Kirby",""
"114043","Kay","","Floyd",""
"114046","Kenny","Bob","Tapp",""
"114056","Joy","Lynn","Hofmeister",""
"114062","Jon","","Painter",""
"114039","Robert","Charles","Chambers",""
"716002","John","","Whetsel",""
"114053","Michael","Colby","Schwartz",""
"713022","John","A.","Wright",""
"114040","Katharine (Katie)","Huffman","Henke",""
"714003","Ken","","Yazel",""
"114047","T","W","Shannon",""
"114051","Sally","Rogers","Kern",""
"114052","Paula","","Roberts",""
"114054","Claudia","","Griffith",""
"114055","Gary","A","Jones",""
"713023","Cathy","Ann","Criswell",""
"114057","Paul","R.","Wesselhoft",""
"114059","Cyndi","Ann","Munson",""
"114060","Kevin","","Wallace",""
"713021","Robert","Brandon","Perkins",""
"114041","Donna","","Bebo",""
"114061","Staci","Denice","Chaat",""
"114045","Gary","","Banz",""
"114058","Shane","","Stone",""
"714004","Jim","","Reynolds",""
