PERIOD_ID,START_DATE,END_DATE,ADMIN_ENTERED,PERIOD_TYPE,STATUS,
"8","30-SEP-03","30-SEP-03","N","3",""
"9","01-JAN-62","01-JAN-62","N","5",""
"10","01-JAN-70","01-JAN-70","N","5",""
"11","01-OCT-74","01-OCT-74","N","5",""
"12","20-FEB-76","20-FEB-76","N","5",""
"13","05-APR-76","05-APR-76","N","5",""
"14","01-JAN-77","01-JAN-77","N","5",""
"15","29-SEP-77","29-SEP-77","N","5",""
"16","18-NOV-77","18-NOV-77","N","5",""
"17","06-JAN-81","06-JAN-81","N","5",""
"18","01-APR-82","01-APR-82","N","5",""
"19","10-OCT-87","10-OCT-87","N","5",""
"20","31-AUG-88","31-AUG-88","N","5",""
"21","09-SEP-88","09-SEP-88","N","5",""
"22","01-JAN-90","01-JAN-90","N","5",""
"23","01-JAN-93","01-JAN-93","N","5",""
"24","30-AUG-93","30-AUG-93","N","5",""
"25","01-JUL-94","01-JUL-94","N","5",""
"26","01-MAR-95","01-MAR-95","N","5",""
"27","01-APR-95","01-APR-95","N","5",""
"28","01-JAN-96","31-DEC-96","N","3",""
"29","24-JUN-96","24-JUN-96","N","5",""
"30","01-JAN-97","01-JAN-97","N","5",""
"31","06-MAY-97","06-MAY-97","N","5",""
"32","15-JUN-97","15-JUN-97","N","5",""
"33","31-AUG-97","31-AUG-97","N","5",""
"34","11-FEB-98","11-FEB-98","N","5",""
"35","01-JUN-98","31-DEC-04","N","4",""
"36","01-JAN-99","01-JAN-99","N","5",""
"37","20-JAN-99","20-JAN-99","N","5",""
"38","17-MAY-99","17-MAY-99","N","5",""
"1","01-JAN-05","31-DEC-05","N","1",""
"39","01-JAN-00","01-JAN-00","N","5",""
"40","28-AUG-00","28-AUG-00","N","5",""
"41","10-DEC-01","10-DEC-01","N","5",""
"42","12-DEC-01","12-DEC-01","N","5",""
"43","01-JAN-02","09-MAR-04","N","3",""
"44","07-JAN-02","07-JAN-02","N","5",""
"45","01-DEC-02","22-JUL-03","N","3",""
"49","01-JAN-03","30-JUN-03","N","3",""
"50","01-JAN-03","15-AUG-03","N","3",""
"51","01-JAN-03","13-OCT-03","N","3",""
"54","01-JAN-05","31-DEC-05","N","1",""
"55","01-JAN-03","31-DEC-04","N","4",""
"56","04-FEB-03","04-FEB-03","N","5",""
"57","31-MAR-03","30-JUN-03","N","3",""
"58","01-JAN-05","31-DEC-05","N","1",""
"67","01-JAN-05","31-DEC-05","N","1",""
"68","01-APR-03","28-JUL-03","N","3",""
"69","15-APR-03","30-JUL-03","N","3",""
"70","28-APR-03","30-JUN-03","N","3",""
"71","01-JAN-05","31-DEC-05","N","1",""
"72","29-APR-03","30-JUN-03","N","3",""
"73","30-APR-03","30-JUN-03","N","3",""
"74","01-MAY-03","30-JUN-03","N","3",""
"75","22-MAY-03","30-JUN-03","N","3",""
"76","26-MAY-03","30-JUN-03","N","3",""
"77","27-MAY-03","30-JUN-03","N","3",""
"78","27-MAY-03","31-JUL-03","N","3",""
"81","01-JUN-03","31-JUL-03","N","3",""
"82","01-JAN-05","31-DEC-05","N","1",""
"83","30-JUN-03","15-JUL-03","N","3",""
"84","01-JUL-03","31-JUL-03","N","2",""
"85","01-JUL-03","06-AUG-03","N","3",""
"86","01-JUL-03","13-AUG-03","N","3",""
"90","01-JUL-03","29-OCT-03","N","3",""
"91","01-JUL-03","31-DEC-03","N","3",""
"92","08-JUL-03","08-JUL-03","N","5",""
"93","01-JAN-05","31-DEC-05","N","1",""
"94","16-JUL-03","16-JUL-03","N","5",""
"95","17-JUL-03","31-DEC-03","N","3",""
"96","25-JUL-03","25-JUL-03","N","5",""
"99","29-AUG-03","29-AUG-03","N","5",""
"100","01-SEP-03","30-SEP-03","N","2",""
"101","01-SEP-03","31-DEC-03","N","3",""
"102","24-SEP-03","31-DEC-03","N","3",""
"103","25-SEP-03","25-SEP-03","N","5",""
"104","01-OCT-03","01-OCT-03","N","3",""
"105","01-OCT-03","28-OCT-03","N","3",""
"111","01-JAN-05","31-DEC-05","N","1",""
"118","01-OCT-03","01-OCT-03","N","5",""
"119","14-OCT-03","31-DEC-03","N","3",""
"120","01-JAN-05","31-DEC-05","N","1",""
"121","01-NOV-03","30-NOV-03","N","2",""
"124","12-NOV-03","31-DEC-03","N","3",""
"125","20-NOV-03","31-DEC-03","N","3",""
"126","25-NOV-03","31-DEC-03","N","3",""
"129","01-JAN-05","31-DEC-05","N","1",""
"130","01-JAN-05","31-DEC-05","N","1",""
"131","30-DEC-03","31-MAR-04","N","3",""
"132","01-JAN-04","30-JAN-04","N","3",""
"133","01-JAN-04","31-JAN-04","N","2",""
"134","01-JAN-04","16-FEB-04","N","3",""
"135","01-JAN-05","31-DEC-05","N","1",""
"136","01-JAN-04","28-FEB-04","N","3",""
"137","01-JAN-04","01-MAR-04","N","3",""
"138","01-JAN-04","16-MAR-04","N","3",""
"139","01-JAN-04","26-MAR-04","N","3",""
"140","01-JAN-04","28-MAR-04","N","3",""
"148","01-JAN-04","30-APR-04","N","3",""
"149","01-JAN-04","09-MAY-04","N","3",""
"150","01-JAN-04","30-JUN-04","N","3",""
"151","01-JAN-05","31-DEC-05","N","1",""
"152","01-JAN-05","31-DEC-05","N","1",""
"158","01-JAN-04","01-JAN-04","N","5",""
"159","04-JAN-04","31-MAR-04","N","3",""
"160","29-JAN-04","29-JAN-04","N","5",""
"161","29-JAN-04","31-MAR-04","N","3",""
"162","30-JAN-04","30-JAN-04","N","5",""
"163","01-FEB-04","29-FEB-04","N","2",""
"164","01-JAN-05","31-DEC-05","N","1",""
"165","02-FEB-04","02-FEB-04","N","5",""
"166","05-FEB-04","05-FEB-04","N","5",""
"167","06-FEB-04","06-FEB-04","N","5",""
"168","09-FEB-04","09-FEB-04","N","5",""
"169","10-FEB-04","10-FEB-04","N","5",""
"170","01-JAN-05","31-DEC-05","N","1",""
"171","01-JAN-05","31-DEC-05","N","1",""
"172","11-FEB-04","11-FEB-04","N","5",""
"173","12-FEB-04","12-FEB-04","N","5",""
"174","13-FEB-04","13-FEB-04","N","5",""
"175","14-FEB-04","31-MAR-04","N","3",""
"176","16-FEB-04","16-FEB-04","N","5",""
"177","17-FEB-04","17-FEB-04","N","5",""
"178","18-FEB-04","18-FEB-04","N","5",""
"179","19-FEB-04","19-FEB-04","N","5",""
"180","20-FEB-04","20-FEB-04","N","5",""
"181","23-FEB-04","23-FEB-04","N","5",""
"182","23-FEB-04","26-APR-04","N","3",""
"183","24-FEB-04","24-FEB-04","N","5",""
"184","01-JAN-05","31-DEC-05","N","1",""
"185","25-FEB-04","25-FEB-04","N","5",""
"186","26-FEB-04","26-FEB-04","N","5",""
"187","27-FEB-04","27-FEB-04","N","5",""
"188","01-MAR-04","31-MAR-04","N","2",""
"189","01-MAR-04","31-DEC-04","N","3",""
"190","02-MAR-04","02-MAR-04","N","5",""
"191","03-MAR-04","03-MAR-04","N","5",""
"192","04-MAR-04","04-MAR-04","N","5",""
"193","04-MAR-04","20-JUN-04","N","3",""
"194","05-MAR-04","05-MAR-04","N","5",""
"195","08-MAR-04","08-MAR-04","N","5",""
"196","08-MAR-04","12-JUL-04","N","3",""
"197","09-MAR-04","09-MAR-04","N","5",""
"198","10-MAR-04","10-MAR-04","N","5",""
"199","15-MAR-04","31-MAR-04","N","3",""
"200","16-MAR-04","31-MAR-04","N","3",""
"201","17-MAR-04","17-MAR-04","N","5",""
"202","18-MAR-04","18-MAR-04","N","5",""
"203","01-JAN-05","31-DEC-05","N","1",""
"204","22-MAR-04","22-MAR-04","N","5",""
"205","23-MAR-04","30-JUN-04","N","3",""
"206","24-MAR-04","24-MAR-04","N","5",""
"207","25-MAR-04","25-MAR-04","N","5",""
"208","26-MAR-04","26-MAR-04","N","5",""
"209","28-MAR-04","28-MAR-04","N","5",""
"210","30-MAR-04","30-JUN-04","N","3",""
"211","01-APR-04","01-APR-04","N","5",""
"214","01-APR-04","10-MAY-04","N","3",""
"215","01-APR-04","17-MAY-04","N","3",""
"216","01-APR-04","28-MAY-04","N","3",""
"217","01-APR-04","05-JUN-04","N","3",""
"218","01-APR-04","17-JUN-04","N","3",""
"234","01-JAN-05","31-DEC-05","N","1",""
"235","01-JAN-05","31-DEC-05","N","1",""
"236","01-JAN-05","31-DEC-05","N","1",""
"242","01-JAN-05","31-DEC-05","N","1",""
"243","06-APR-04","06-APR-04","N","5",""
"244","07-APR-04","07-APR-04","N","5",""
"245","09-APR-04","09-APR-04","N","5",""
"246","13-APR-04","13-APR-04","N","5",""
"247","14-APR-04","14-APR-04","N","5",""
"248","16-APR-04","16-APR-04","N","5",""
"249","19-APR-04","19-APR-04","N","5",""
"250","01-JAN-05","31-DEC-05","N","1",""
"251","01-JAN-05","31-DEC-05","N","1",""
"252","23-APR-04","23-APR-04","N","5",""
"253","26-APR-04","26-APR-04","N","5",""
"254","29-APR-04","29-APR-04","N","5",""
"255","30-APR-04","30-APR-04","N","5",""
"256","01-MAY-04","31-MAY-04","N","2",""
"257","01-JAN-05","31-DEC-05","N","1",""
"258","05-MAY-04","05-MAY-04","N","5",""
"259","06-MAY-04","06-MAY-04","N","5",""
"260","07-MAY-04","07-MAY-04","N","5",""
"261","01-JAN-05","31-DEC-05","N","1",""
"262","10-MAY-04","10-MAY-04","N","5",""
"263","11-MAY-04","11-MAY-04","N","5",""
"264","14-MAY-04","14-MAY-04","N","5",""
"265","01-JAN-05","31-DEC-05","N","1",""
"266","20-MAY-04","20-MAY-04","N","5",""
"267","21-MAY-04","21-MAY-04","N","5",""
"268","01-JAN-05","31-DEC-05","N","1",""
"269","01-JAN-05","31-DEC-05","N","1",""
"270","25-MAY-04","25-MAY-04","N","5",""
"271","26-MAY-04","26-MAY-04","N","5",""
"272","01-JAN-05","31-DEC-05","N","1",""
"273","27-MAY-04","27-MAY-04","N","5",""
"803","09-AUG-05","30-SEP-05","N","3",""
"804","10-AUG-05","10-AUG-05","N","5",""
"805","11-AUG-05","11-AUG-05","N","5",""
"806","11-AUG-05","30-SEP-05","N","3",""
"807","15-AUG-05","15-AUG-05","N","5",""
"808","15-AUG-05","30-SEP-05","N","3",""
"809","17-AUG-05","17-AUG-05","N","5",""
"810","20-AUG-05","20-AUG-05","N","5",""
"811","21-AUG-05","30-SEP-05","N","3",""
"812","23-AUG-05","23-AUG-05","N","5",""
"813","25-AUG-05","25-AUG-05","N","5",""
"814","26-AUG-05","26-AUG-05","N","5",""
"815","30-AUG-05","30-AUG-05","N","5",""
"896","01-JAN-05","31-DEC-05","000008","6","disabled"
"897","01-DEC-05","31-DEC-05","000004","4","disabled"
"818","31-AUG-05","31-AUG-05","N","5",""
"819","01-SEP-05","01-SEP-05","N","5",""
"898","01-OCT-05","31-DEC-05","","5","disabled"
"899","01-JAN-06","31-DEC-06","000004","6","disabled"
"822","02-SEP-05","02-SEP-05","N","5",""
"823","06-SEP-05","06-SEP-05","N","5",""
"824","06-SEP-05","30-SEP-05","N","3",""
"825","07-SEP-05","07-SEP-05","N","5",""
"826","07-SEP-05","07-SEP-05","N","5",""
"827","12-SEP-05","12-SEP-05","N","5",""
"828","13-SEP-05","13-SEP-05","N","5",""
"829","14-SEP-05","30-SEP-05","N","3",""
"830","15-SEP-05","15-SEP-05","N","5",""
"831","20-SEP-05","20-SEP-05","N","5",""
"832","21-SEP-05","21-SEP-05","N","5",""
"833","22-SEP-05","22-SEP-05","N","5",""
"834","22-SEP-05","30-SEP-05","N","2",""
"835","23-SEP-05","23-SEP-05","N","5",""
"836","26-SEP-05","26-SEP-05","N","5",""
"837","27-SEP-05","27-SEP-05","N","5",""
"838","30-SEP-05","30-SEP-05","N","5",""
"839","01-OCT-05","21-OCT-05","N","3",""
"900","01-JAN-06","31-JAN-06","000008","4","disabled"
"901","01-JAN-06","31-MAR-06","000008","5","disabled"
"902","01-JUL-05","30-SEP-05","N","5",""
"903","01-JAN-05","31-MAR-05","N","5",""
"844","01-OCT-05","03-NOV-05","N","3",""
"845","01-OCT-05","16-NOV-05","N","3",""
"846","01-OCT-05","30-NOV-05","N","3",""
"847","01-OCT-05","31-DEC-05","N","3",""
"802","08-AUG-05","30-SEP-05","N","3",""
"848","03-OCT-05","03-OCT-05","N","5",""
"849","04-OCT-05","04-OCT-05","N","5",""
"850","06-OCT-05","06-OCT-05","N","5",""
"851","07-OCT-05","07-OCT-05","N","5",""
"852","11-OCT-05","11-OCT-05","N","5",""
"853","17-OCT-05","17-OCT-05","N","5",""
"854","18-OCT-05","18-OCT-05","N","5",""
"855","19-OCT-05","19-OCT-05","N","5",""
"856","20-OCT-05","20-OCT-05","N","5",""
"857","23-OCT-05","23-OCT-05","N","5",""
"858","24-OCT-05","24-OCT-05","N","5",""
"859","25-OCT-05","25-OCT-05","N","5",""
"860","26-OCT-05","26-OCT-05","N","5",""
"861","27-OCT-05","27-OCT-05","N","5",""
"862","31-OCT-05","31-OCT-05","N","5",""
"863","01-NOV-05","01-NOV-05","N","5",""
"864","01-NOV-05","09-NOV-05","N","3",""
"904","01-APR-05","30-JUN-05","N","5",""
"905","01-JAN-05","31-JAN-05","N","4",""
"867","02-NOV-05","02-NOV-05","N","5",""
"868","03-NOV-05","03-NOV-05","N","5",""
"869","07-NOV-05","07-NOV-05","N","5",""
"870","08-NOV-05","08-NOV-05","N","5",""
"871","09-NOV-05","09-NOV-05","N","5",""
"872","10-NOV-05","30-NOV-05","N","2",""
"873","14-NOV-05","14-NOV-05","N","5",""
"874","15-NOV-05","15-NOV-05","N","5",""
"875","17-NOV-05","17-NOV-05","N","5",""
"876","18-NOV-05","18-NOV-05","N","5",""
"877","21-NOV-05","21-NOV-05","N","5",""
"878","22-NOV-05","22-NOV-05","N","5",""
"879","23-NOV-05","23-NOV-05","N","5",""
"880","29-NOV-05","29-NOV-05","N","5",""
"881","30-NOV-05","30-NOV-05","N","5",""
"882","01-DEC-05","01-DEC-05","N","5",""
"883","05-DEC-05","05-DEC-05","N","5",""
"884","06-DEC-05","06-DEC-05","N","5",""
"885","07-DEC-05","07-DEC-05","N","5",""
"886","08-DEC-05","08-DEC-05","N","5",""
"887","09-DEC-05","09-DEC-05","N","5",""
"888","12-DEC-05","12-DEC-05","N","5",""
"889","15-DEC-05","15-DEC-05","N","5",""
"890","16-DEC-05","16-DEC-05","N","5",""
"891","19-DEC-05","19-DEC-05","N","5",""
"892","20-DEC-05","20-DEC-05","N","5",""
"893","21-DEC-05","21-DEC-05","N","5",""
"894","27-DEC-05","27-DEC-05","N","5",""
"895","","","N","3",""
"906","01-FEB-05","28-FEB-05","N","4",""
"907","01-MAR-05","31-MAR-05","N","4",""
"908","01-APR-05","30-APR-05","N","4",""
"909","01-MAY-05","31-MAY-05","N","4",""
"910","01-JUN-05","30-JUN-05","N","4",""
"911","01-JUL-05","31-JUL-05","N","4",""
"912","01-AUG-05","31-AUG-05","N","4",""
"913","01-SEP-05","30-SEP-05","N","4",""
"914","01-OCT-05","31-OCT-05","N","4",""
"915","01-NOV-05","30-NOV-05","N","4",""
"916","01-JAN-04","31-MAR-04","N","5",""
"917","01-APR-04","30-JUN-04","N","5",""
"918","01-JUL-04","30-SEP-04","000004","5","disabled"
"919","01-OCT-04","31-DEC-04","N","5",""
"920","01-JAN-04","31-JAN-04","N","4",""
"921","01-FEB-04","28-FEB-04","N","4",""
"922","01-MAR-04","31-MAR-04","N","4",""
"923","01-APR-04","30-APR-04","N","4",""
"924","01-MAY-04","31-MAY-04","N","4",""
"925","01-JUN-04","30-JUN-04","N","4",""
"926","01-JUL-04","31-JUL-04","N","4",""
"927","01-AUG-04","31-AUG-04","N","4",""
"928","01-SEP-04","30-SEP-04","N","4",""
"929","01-OCT-04","31-OCT-04","N","4",""
"930","01-NOV-04","30-NOV-04","N","4",""
"931","01-DEC-04","31-DEC-04","N","4",""
"932","01-JAN-03","31-MAR-03","N","5",""
"933","01-APR-03","30-JUN-03","N","5",""
"934","01-JUL-03","30-SEP-03","N","5",""
"935","01-OCT-03","31-DEC-03","N","5",""
"936","01-JUL-04","12-JUL-04","N","3",""
"937","13-JUL-04","09-AUG-04","N","3",""
"938","10-AUG-04","18-OCT-04","N","3",""
"939","10-AUG-04","30-SEP-04","N","3",""
"940","01-OCT-05","18-OCT-04","N","1",""
"941","01-APR-04","12-JUL-04","N","3",""
"942","13-JUL-04","09-AUG-04","N","3",""
"943","10-AUG-04","18-OCT-04","N","3",""
"944","24-FEB-04","22-MAR-04","N","3",""
"945","10-FEB-04","23-FEB-04","N","3",""
"946","01-JAN-04","23-FEB-04","N","3",""
"947","10-FEB-04","24-FEB-04","N","3",""
"948","12-JUN-03","20-AUG-03","N","3",""
"949","01-OCT-03","03-NOV-03","N","3",""
"950","04-NOV-03","24-NOV-03","N","3",""
"951","01-OCT-03","29-DEC-03","N","3",""
"952","31-OCT-03","29-DEC-03","N","3",""
"953","17-DEC-03","03-JAN-04","N","3",""
"954","11-DEC-03","29-DEC-03","N","3",""
"955","06-JUN-04","12-JUL-04","N","3",""
"956","26-MAY-04","12-JUL-04","N","3",""
"957","21-MAY-04","07-JUL-04","N","3",""
"958","27-JUN-04","12-JUL-04","N","3",""
"959","24-MAY-04","12-JUL-04","N","3",""
"960","02-APR-04","12-JUL-04","N","3",""
"961","05-JUN-04","19-JUL-04","N","3",""
"962","20-JUN-04","12-JUL-04","N","3",""
"963","07-JUN-04","12-JUL-04","N","3",""
"964","07-JUN-04","15-JUL-04","N","3",""
"965","01-JAN-04","12-JUL-04","N","3",""
"966","07-JUL-04","12-JUL-04","N","3",""
"967","19-APR-04","12-JUL-04","N","3",""
"968","08-JUN-04","12-JUL-04","N","3",""
"969","01-JUN-04","12-JUL-04","N","3",""
"970","09-JUN-04","12-JUL-04","N","3",""
"971","01-APR-04","18-JUL-04","N","3",""
"972","01-APR-04","14-JUL-04","N","3",""
"973","12-JUL-04","12-JUL-04","N","3",""
"974","09-JUN-04","30-SEP-04","N","3",""
"975","07-JUN-04","19-JUL-04","N","3",""
"976","22-APR-04","12-JUL-04","N","3",""
"977","15-MAY-04","12-JUL-04","N","3",""
"978","01-APR-04","13-JUL-04","N","3",""
"979","29-JUN-04","12-JUL-04","N","3",""
"980","01-MAY-04","12-JUL-04","N","3",""
"981","07-MAY-04","12-JUL-04","N","3",""
"982","16-JUN-04","12-JUL-04","N","3",""
"983","01-APR-04","19-JUL-04","N","3",""
"984","01-JUN-04","17-JUL-04","N","3",""
"985","13-JUL-04","02-AUG-04","N","3",""
"986","13-JUL-04","01-AUG-04","N","3",""
"987","20-MAR-04","20-JUL-04","N","3",""
"988","13-JUL-04","06-AUG-04","N","3",""
"989","01-JUL-04","09-AUG-04","N","3",""
"990","13-JUL-04","27-JUL-04","N","3",""
"991","13-JUL-04","04-AUG-04","N","3",""
"992","12-JUL-04","09-AUG-04","N","3",""
"993","13-JUL-04","10-AUG-04","N","3",""
"994","12-JUL-04","04-AUG-04","N","3",""
"995","13-JUL-04","28-JUL-04","N","3",""
"996","20-JUL-04","12-AUG-04","N","3",""
"997","13-JUL-04","11-AUG-04","N","3",""
"998","13-JUL-04","12-AUG-04","N","3",""
"999","01-JUL-04","03-AUG-04","N","3",""
"1000","14-JUL-04","09-AUG-04","N","3",""
"1001","20-JUL-04","24-AUG-04","N","3",""
"1002","15-JUL-04","09-AUG-04","N","3",""
"1003","12-JUL-04","27-JUL-04","N","3",""
"1004","16-JUL-04","13-AUG-04","N","3",""
"1005","31-JUL-04","09-AUG-04","N","3",""
"1006","13-JUL-04","16-AUG-04","N","3",""
"1007","16-JUL-04","15-AUG-04","N","3",""
"1008","13-JUL-04","13-AUG-04","N","3",""
"1009","26-JUL-04","16-AUG-04","N","3",""
"1010","19-JUL-04","16-AUG-04","N","3",""
"1011","20-JUL-04","16-AUG-04","N","3",""
"1012","13-JUL-04","30-JUL-04","N","3",""
"1013","12-JUL-04","15-AUG-04","N","3",""
"1014","13-JUL-04","18-AUG-04","N","3",""
"1015","12-JUL-04","12-AUG-04","N","3",""
"1016","10-AUG-04","16-AUG-04","N","3",""
"1017","13-JUL-04","14-AUG-04","N","3",""
"1018","20-JUL-04","04-AUG-04","N","3",""
"1019","01-JUL-04","10-AUG-04","N","3",""
"1020","12-JUL-04","16-AUG-04","N","3",""
"1021","03-AUG-04","12-AUG-04","N","3",""
"1022","25-JUN-04","05-AUG-04","N","3",""
"1023","01-JAN-04","09-AUG-04","N","3",""
"1024","12-JUL-04","23-AUG-04","N","3",""
"1025","01-APR-03","28-APR-03","N","3",""
"1026","29-APR-03","26-MAY-03","N","3",""
"1027","14-JUL-04","16-AUG-04","N","3",""
"1028","31-JUL-04","27-AUG-04","N","3",""
"1029","13-JUL-03","09-AUG-03","N","3",""
"1030","01-APR-03","12-JUL-03","N","3",""
"1031","10-AUG-04","07-SEP-04","N","3",""
"1032","09-AUG-04","24-SEP-04","N","3",""
"1033","10-AUG-04","01-SEP-04","N","3",""
"1034","16-AUG-04","30-SEP-04","N","3",""
"1035","12-AUG-04","30-SEP-04","N","3",""
"1036","10-AUG-04","13-OCT-04","N","3",""
"1037","01-OCT-04","18-OCT-04","N","3",""
"1038","11-AUG-04","19-OCT-04","N","3",""
"1039","28-SEP-04","18-OCT-04","N","3",""
"1040","14-AUG-04","19-OCT-04","N","3",""
"1041","12-JUL-04","13-AUG-04","N","3",""
"1042","17-AUG-04","07-NOV-04","N","3",""
"1043","12-OCT-04","18-OCT-04","N","3",""
"1044","10-AUG-04","19-OCT-04","N","3",""
"1045","10-AUG-04","25-OCT-04","N","3",""
"1046","13-AUG-04","18-OCT-04","N","3",""
"1047","11-AUG-04","18-OCT-04","N","3",""
"1048","10-AUG-04","31-OCT-04","N","3",""
"1049","10-AUG-04","24-OCT-04","N","3",""
"1050","17-AUG-04","18-OCT-04","N","3",""
"1051","14-AUG-04","22-OCT-04","N","3",""
"1052","17-AUG-04","25-OCT-04","N","3",""
"1053","10-AUG-04","14-OCT-04","N","3",""
"1054","13-JUL-04","18-OCT-04","N","3",""
"1055","13-AUG-04","25-OCT-04","N","3",""
"1056","01-JUL-04","25-OCT-04","N","3",""
"1057","10-AUG-04","08-OCT-04","N","3",""
"1058","05-OCT-04","18-OCT-04","N","3",""
"1059","30-SEP-04","18-OCT-04","N","3",""
"1060","04-OCT-04","18-OCT-04","N","3",""
"1061","01-FEB-04","25-OCT-04","N","3",""
"1062","01-OCT-04","21-OCT-04","N","3",""
"1063","01-JAN-03","30-SEP-04","N","3",""
"1064","12-JUL-04","31-OCT-04","N","3",""
"1065","11-AUG-04","17-OCT-04","N","3",""
"1066","01-AUG-04","18-OCT-04","N","3",""
"1067","07-SEP-04","18-OCT-04","N","3",""
"1068","01-JAN-04","18-OCT-04","N","3",""
"531","19-OCT-04","20-NOV-04","N","3",""
"532","19-OCT-04","22-NOV-04","N","3",""
"530","19-OCT-04","17-NOV-04","N","3",""
"535","19-OCT-04","03-DEC-04","N","3",""
"536","19-OCT-04","11-DEC-04","N","3",""
"537","19-OCT-04","27-DEC-04","N","3",""
"544","19-OCT-04","01-JAN-05","N","3",""
"545","19-OCT-04","03-JAN-05","N","3",""
"546","19-OCT-04","14-JAN-05","N","3",""
"549","20-OCT-04","20-OCT-04","N","5",""
"552","20-OCT-04","03-JAN-05","N","3",""
"553","20-OCT-04","15-JAN-05","N","3",""
"554","21-OCT-04","21-OCT-04","N","5",""
"555","22-OCT-04","22-OCT-04","N","5",""
"556","22-OCT-04","31-DEC-04","N","3",""
"557","23-OCT-04","31-DEC-04","N","3",""
"558","25-OCT-04","25-OCT-04","N","5",""
"559","25-OCT-04","31-DEC-04","N","3",""
"560","25-OCT-04","31-JAN-05","N","3",""
"561","26-OCT-04","26-OCT-04","N","5",""
"562","26-OCT-04","31-DEC-04","N","3",""
"563","26-OCT-04","14-JAN-05","N","3",""
"564","27-OCT-04","27-OCT-04","N","5",""
"565","27-OCT-04","27-OCT-04","N","5",""
"566","28-OCT-04","28-OCT-04","N","5",""
"567","29-OCT-04","29-OCT-04","N","5",""
"568","29-OCT-04","31-DEC-04","N","3",""
"569","30-OCT-04","31-DEC-04","N","3",""
"570","30-OCT-04","28-JAN-05","N","3",""
"571","01-NOV-04","01-NOV-04","N","5",""
"572","01-NOV-04","01-NOV-04","N","5",""
"575","02-NOV-04","02-NOV-04","N","5",""
"576","03-NOV-04","03-NOV-04","N","5",""
"577","03-NOV-04","31-DEC-04","N","3",""
"578","04-NOV-04","04-NOV-04","N","5",""
"579","05-NOV-04","05-NOV-04","N","5",""
"580","05-NOV-04","05-NOV-04","N","5",""
"581","08-NOV-04","08-NOV-04","N","5",""
"582","09-NOV-04","09-NOV-04","N","5",""
"583","15-NOV-04","15-NOV-04","N","5",""
"584","15-NOV-04","31-DEC-04","N","3",""
"585","16-NOV-04","16-NOV-04","N","5",""
"586","17-NOV-04","31-DEC-04","N","3",""
"587","18-NOV-04","18-NOV-04","N","5",""
"588","19-NOV-04","19-NOV-04","N","5",""
"589","24-NOV-04","31-DEC-04","N","3",""
"592","06-DEC-04","06-DEC-04","N","5",""
"593","08-DEC-04","08-DEC-04","N","5",""
"594","09-DEC-04","09-DEC-04","N","5",""
"595","10-DEC-04","10-DEC-04","N","5",""
"596","15-DEC-04","15-DEC-04","N","5",""
"597","16-DEC-04","31-DEC-04","N","4",""
"598","17-DEC-04","31-DEC-04","N","3",""
"599","20-DEC-04","20-DEC-04","N","5",""
"600","21-DEC-04","21-DEC-04","N","5",""
"601","23-DEC-04","23-DEC-04","N","5",""
"602","29-DEC-04","29-DEC-04","N","5",""
"603","30-DEC-04","31-MAR-04","N","3",""
"605","01-JAN-05","19-JAN-05","N","3",""
"606","01-JAN-05","25-JAN-05","N","3",""
"607","01-JAN-05","26-JAN-05","N","3",""
"611","01-JAN-05","24-FEB-05","N","3",""
"612","01-JAN-05","28-MAR-05","N","3",""
"613","01-JAN-05","30-MAR-05","N","3",""
"619","01-JAN-05","02-APR-05","N","3",""
"620","01-JAN-05","30-APR-05","N","3",""
"621","01-JAN-05","02-MAY-05","N","3",""
"622","01-JAN-05","06-MAY-05","N","3",""
"623","01-JAN-05","10-JUN-05","N","3",""
"624","01-JAN-05","30-JUN-05","N","3",""
"627","01-JAN-05","30-NOV-05","N","3",""
"628","03-JAN-05","03-JAN-05","N","5",""
"629","04-JAN-05","04-JAN-05","N","5",""
"630","04-JAN-05","31-MAR-05","N","3",""
"631","05-JAN-05","05-JAN-05","N","5",""
"632","06-JAN-05","31-MAR-05","N","5",""
"633","07-JAN-05","07-JAN-05","N","5",""
"634","10-JAN-05","10-JAN-05","N","5",""
"635","11-JAN-05","11-JAN-05","N","5",""
"636","12-JAN-05","12-JAN-05","N","5",""
"637","14-JAN-05","14-JAN-05","N","5",""
"638","16-JAN-05","16-JAN-05","N","5",""
"639","21-JAN-05","21-JAN-05","N","5",""
"640","22-JAN-05","22-JAN-05","N","5",""
"641","24-JAN-05","24-JAN-05","N","5",""
"642","25-JAN-05","25-JAN-05","N","5",""
"643","26-JAN-05","26-JAN-05","N","5",""
"644","27-JAN-05","27-JAN-05","N","5",""
"645","28-JAN-05","28-JAN-05","N","5",""
"646","29-JAN-05","28-APR-05","N","3",""
"647","31-JAN-05","31-JAN-05","N","5",""
"648","01-FEB-05","01-FEB-05","N","5",""
"649","01-FEB-05","28-FEB-05","N","2",""
"650","01-FEB-05","31-MAR-05","N","3",""
"651","02-FEB-05","02-FEB-05","N","5",""
"652","03-FEB-05","03-FEB-05","N","5",""
"653","04-FEB-05","04-FEB-05","N","5",""
"654","07-FEB-05","07-FEB-05","N","5",""
"655","08-FEB-05","08-FEB-05","N","5",""
"656","09-FEB-05","09-FEB-05","N","5",""
"657","10-FEB-05","10-FEB-05","N","5",""
"658","11-FEB-05","11-FEB-05","N","5",""
"659","13-FEB-05","13-FEB-05","N","5",""
"660","14-FEB-05","14-FEB-05","N","5",""
"661","15-FEB-05","15-FEB-05","N","5",""
"662","25-FEB-05","31-MAR-05","N","3",""
"663","01-MAR-05","01-MAR-05","N","5",""
"666","02-MAR-05","02-MAR-05","N","5",""
"667","03-MAR-05","03-MAR-05","N","5",""
"668","03-MAR-05","31-MAR-05","N","3",""
"669","04-MAR-05","04-MAR-05","N","5",""
"670","07-MAR-05","07-MAR-05","N","5",""
"671","08-MAR-05","08-MAR-05","N","5",""
"672","08-MAR-05","31-MAR-05","N","3",""
"673","09-MAR-05","09-MAR-05","N","5",""
"674","14-MAR-05","14-MAR-05","N","5",""
"675","15-MAR-05","15-MAR-05","N","5",""
"676","16-MAR-05","16-MAR-05","N","5",""
"677","18-MAR-05","18-MAR-05","N","5",""
"678","22-MAR-05","22-MAR-05","N","5",""
"679","22-MAR-05","30-JUN-05","N","3",""
"680","29-MAR-05","29-MAR-05","N","5",""
"681","30-MAR-05","30-MAR-05","N","5",""
"682","31-MAR-05","31-MAR-05","N","5",""
"683","01-APR-05","01-APR-05","N","5",""
"684","01-APR-05","14-APR-05","N","3",""
"685","01-APR-05","30-APR-05","N","2",""
"686","01-APR-05","20-MAY-05","N","3",""
"687","01-APR-05","13-JUN-05","N","3",""
"688","01-APR-05","15-JUN-05","N","3",""
"689","01-APR-05","22-JUN-05","N","3",""
"695","01-APR-05","01-JUL-05","N","3",""
"696","01-APR-05","28-JUL-05","N","3",""
"697","01-APR-05","29-JUL-05","N","3",""
"698","01-APR-05","30-SEP-05","N","3",""
"699","04-APR-05","04-APR-05","N","5",""
"700","05-APR-05","05-APR-05","N","5",""
"701","06-APR-05","06-APR-05","N","5",""
"702","07-APR-05","07-APR-05","N","5",""
"703","08-APR-05","08-APR-05","N","5",""
"704","11-APR-05","11-APR-05","N","5",""
"705","12-APR-05","12-APR-05","N","5",""
"706","13-APR-05","13-APR-05","N","5",""
"707","14-APR-05","14-APR-05","N","5",""
"708","18-APR-05","18-APR-05","N","5",""
"709","19-APR-05","19-APR-05","N","5",""
"710","20-APR-05","20-APR-05","N","5",""
"711","21-APR-05","21-APR-05","N","5",""
"712","21-APR-05","30-JUN-05","N","3",""
"713","25-APR-05","25-APR-05","N","5",""
"714","26-APR-05","26-APR-05","N","5",""
"715","27-APR-05","27-APR-05","N","5",""
"716","28-APR-05","28-APR-05","N","5",""
"717","29-APR-05","29-APR-05","N","5",""
"718","01-MAY-05","14-MAY-05","N","3",""
"722","01-MAY-05","30-JUN-05","N","3",""
"723","02-MAY-05","02-MAY-05","N","5",""
"724","03-MAY-05","03-MAY-05","N","5",""
"725","04-MAY-05","04-MAY-05","N","5",""
"726","09-MAY-05","09-MAY-05","N","5",""
"727","11-MAY-05","11-MAY-05","N","5",""
"728","12-MAY-05","12-MAY-05","N","5",""
"729","13-MAY-05","13-MAY-05","N","5",""
"730","18-MAY-05","18-MAY-05","N","5",""
"731","21-MAY-05","30-JUN-05","N","5",""
"732","24-MAY-05","24-MAY-05","N","5",""
"733","24-MAY-05","30-JUN-05","N","3",""
"734","25-MAY-05","25-MAY-05","N","5",""
"735","25-MAY-05","30-JUN-05","N","3",""
"736","26-MAY-05","26-MAY-05","N","5",""
"737","31-MAY-05","31-MAY-05","N","5",""
"740","01-JUN-05","30-JUN-05","N","3",""
"741","02-JUN-05","02-JUN-05","N","5",""
"742","03-JUN-05","03-JUN-05","N","5",""
"743","06-JUN-05","06-JUN-05","N","5",""
"744","08-JUN-05","08-JUN-05","N","5",""
"745","10-JUN-05","10-JUN-05","N","5",""
"746","10-JUN-05","30-JUN-05","N","3",""
"747","16-JUN-05","16-JUN-05","N","5",""
"748","17-JUN-05","17-JUN-05","N","5",""
"749","21-JUN-05","21-JUN-05","N","5",""
"750","24-JUN-05","24-JUN-05","N","5",""
"751","27-JUN-05","27-JUN-05","N","5",""
"752","28-JUN-05","28-JUN-05","N","5",""
"753","28-JUN-05","30-SEP-05","N","3",""
"754","29-JUN-05","29-JUN-05","N","5",""
"755","30-JUN-05","30-SEP-05","N","3",""
"756","01-JUL-05","31-JUL-05","N","2",""
"759","01-JUL-05","09-AUG-05","N","3",""
"760","01-JUL-05","15-AUG-05","N","3",""
"763","01-JAN-05","31-DEC-05","N","1",""
"764","01-JUL-05","30-AUG-05","N","3",""
"765","01-JUL-05","28-SEP-05","N","3",""
"766","01-JAN-05","31-DEC-05","N","1",""
"771","01-JUL-05","17-OCT-05","N","3",""
"772","05-JUL-05","05-JUL-05","N","5",""
"773","06-JUL-05","06-JUL-05","N","5",""
"774","07-JUL-05","07-JUL-05","N","5",""
"775","07-JUL-05","30-SEP-05","N","3",""
"776","08-JUL-05","08-JUL-05","N","5",""
"777","11-JUL-05","11-JUL-05","N","5",""
"778","12-JUL-05","12-JUL-05","N","5",""
"779","13-JUL-05","13-JUL-05","N","5",""
"780","14-JUL-05","14-JUL-05","N","5",""
"781","18-JUL-05","30-SEP-05","N","3",""
"782","19-JUL-05","19-JUL-05","N","5",""
"783","20-JUL-05","20-JUL-05","N","5",""
"784","21-JUL-05","21-JUL-05","N","5",""
"785","22-JUL-05","22-JUL-05","N","5",""
"786","25-JUL-05","25-JUL-05","N","5",""
"787","01-JAN-05","31-DEC-05","N","1",""
"788","27-JUL-05","30-SEP-05","N","3",""
"789","28-JUL-05","28-JUL-05","N","5",""
"790","29-JUL-05","29-JUL-05","N","5",""
"791","01-AUG-05","01-AUG-05","N","5",""
"792","01-AUG-05","12-AUG-05","N","2",""
"793","01-JAN-05","31-DEC-05","N","1",""
"794","01-AUG-05","31-AUG-05","N","2",""
"795","01-AUG-05","30-SEP-05","N","3",""
"796","01-AUG-05","31-OCT-05","N","3",""
"797","02-AUG-05","02-AUG-05","N","5",""
"798","03-AUG-05","03-AUG-05","N","5",""
"799","05-AUG-05","05-AUG-05","N","5",""
"800","05-AUG-05","30-SEP-05","N","3",""
"801","08-AUG-05","08-AUG-05","N","5",""
"275","01-JUN-04","01-JUN-04","N","5",""
"276","01-JUN-04","30-JUN-04","N","2",""
"277","01-JAN-05","31-DEC-05","N","1",""
"278","01-JAN-05","31-DEC-05","N","1",""
"279","02-JUN-04","02-JUN-04","N","5",""
"280","04-JUN-04","04-JUN-04","N","5",""
"281","01-JAN-05","31-DEC-05","N","1",""
"282","01-JAN-05","31-DEC-05","N","1",""
"283","07-JUN-04","07-JUN-04","N","5",""
"284","01-JAN-05","31-DEC-05","N","1",""
"285","01-JAN-05","31-DEC-05","N","1",""
"286","01-JAN-05","31-DEC-05","N","1",""
"287","01-JAN-05","31-DEC-05","N","1",""
"288","09-JUN-04","09-JUN-04","N","5",""
"289","01-JAN-05","31-DEC-05","N","1",""
"290","01-JAN-05","31-DEC-05","N","1",""
"291","10-JUN-04","10-JUN-04","N","5",""
"292","14-JUN-04","14-JUN-04","N","5",""
"293","15-JUN-04","15-JUN-04","N","5",""
"294","16-JUN-04","16-JUN-04","N","5",""
"295","01-JAN-05","31-DEC-05","N","1",""
"296","17-JUN-04","17-JUN-04","N","5",""
"297","18-JUN-04","18-JUN-04","N","5",""
"298","01-JAN-05","31-DEC-05","N","1",""
"299","21-JUN-04","21-JUN-04","N","5",""
"300","01-JAN-05","31-DEC-05","N","1",""
"301","22-JUN-04","22-JUN-04","N","5",""
"302","23-JUN-04","23-JUN-04","N","5",""
"303","24-JUN-04","24-JUN-04","N","5",""
"304","01-JAN-05","31-DEC-05","N","1",""
"305","26-JUN-04","26-JUN-04","N","5",""
"306","01-JAN-05","31-DEC-05","N","1",""
"307","28-JUN-04","28-JUN-04","N","5",""
"308","29-JUN-04","29-JUN-04","N","5",""
"309","01-JAN-05","31-DEC-05","N","1",""
"274","28-MAY-04","28-MAY-04","N","5",""
"311","01-JUL-04","01-JUL-04","N","5",""
"312","01-JUL-04","30-JUN-04","N","3",""
"318","01-JAN-05","31-DEC-05","N","1",""
"322","01-JAN-05","31-DEC-05","N","1",""
"323","01-JUL-04","31-AUG-04","N","3",""
"324","01-JUL-04","14-SEP-04","N","3",""
"330","01-JUL-04","29-OCT-04","N","3",""
"331","07-JUL-04","07-JUL-04","N","5",""
"332","01-JAN-05","31-DEC-05","N","1",""
"333","08-JUL-04","08-JUL-04","N","5",""
"334","09-JUL-04","09-JUL-04","N","5",""
"335","12-JUL-04","12-JUL-04","N","5",""
"336","01-JAN-05","31-DEC-05","N","1",""
"337","01-JAN-05","31-DEC-05","N","1",""
"342","01-JAN-05","31-DEC-05","N","1",""
"343","01-JAN-05","31-DEC-05","N","1",""
"344","01-JAN-05","31-DEC-05","N","1",""
"345","01-JAN-05","31-DEC-05","N","1",""
"346","01-JAN-05","31-DEC-05","N","1",""
"347","01-JAN-05","31-DEC-05","N","1",""
"348","13-JUL-04","13-JUL-04","N","5",""
"349","01-JAN-05","31-DEC-05","N","1",""
"350","01-JAN-05","31-DEC-05","N","1",""
"353","01-JAN-05","31-DEC-05","N","1",""
"356","01-JAN-05","31-DEC-05","N","1",""
"357","01-JAN-05","31-DEC-05","N","1",""
"370","01-JAN-05","31-DEC-05","N","1",""
"375","01-JAN-05","31-DEC-05","N","1",""
"378","01-JAN-05","31-DEC-05","N","1",""
"379","01-JAN-05","31-DEC-05","N","1",""
"380","14-JUL-04","14-JUL-04","N","5",""
"381","01-JAN-05","31-DEC-05","N","1",""
"382","01-JAN-05","31-DEC-05","N","1",""
"383","15-JUL-04","15-JUL-04","N","5",""
"384","15-JUL-04","15-JUL-04","N","5",""
"385","15-JUL-04","31-JUL-04","N","2",""
"386","01-JAN-05","31-DEC-05","N","1",""
"387","15-JUL-04","29-OCT-04","N","3",""
"388","16-JUL-04","16-JUL-04","N","5",""
"389","16-JUL-04","16-JUL-04","N","5",""
"390","01-JAN-05","31-DEC-05","N","1",""
"391","01-JAN-05","31-DEC-05","N","1",""
"392","17-JUL-04","17-JUL-04","N","5",""
"393","19-JUL-04","19-JUL-04","N","5",""
"394","19-JUL-04","19-JUL-04","N","5",""
"395","01-JAN-05","31-DEC-05","N","1",""
"396","20-JUL-04","20-JUL-04","N","5",""
"397","20-JUL-04","20-JUL-04","N","5",""
"398","01-JAN-05","31-DEC-05","N","1",""
"399","01-JAN-05","31-DEC-05","N","1",""
"400","01-JAN-05","31-DEC-05","N","1",""
"401","01-JAN-05","31-DEC-05","N","1",""
"402","21-JUL-04","21-JUL-04","N","5",""
"403","22-JUL-04","22-JUL-04","N","5",""
"404","23-JUL-04","23-JUL-04","N","5",""
"405","23-JUL-04","23-JUL-04","N","5",""
"406","23-JUL-04","31-JUL-04","N","2",""
"407","26-JUL-04","26-JUL-04","N","5",""
"408","26-JUL-04","26-JUL-04","N","5",""
"409","01-JAN-05","31-DEC-05","N","1",""
"410","27-JUL-04","27-JUL-04","N","5",""
"411","27-JUL-04","27-JUL-04","N","5",""
"412","28-JUL-04","28-JUL-04","N","5",""
"413","29-JUL-04","29-JUL-04","N","5",""
"414","30-JUL-04","30-JUL-04","N","5",""
"415","30-JUL-04","30-SEP-04","N","3",""
"416","01-JAN-05","31-DEC-05","N","1",""
"417","01-JAN-05","31-DEC-05","N","1",""
"418","31-JUL-04","30-SEP-04","N","3",""
"419","01-JAN-05","31-DEC-05","N","1",""
"420","01-AUG-04","31-AUG-04","N","2",""
"421","01-JAN-05","31-DEC-05","N","1",""
"422","02-AUG-04","02-AUG-04","N","5",""
"423","03-AUG-04","03-AUG-04","N","5",""
"424","01-JAN-05","31-DEC-05","N","1",""
"425","05-AUG-04","05-AUG-04","N","5",""
"426","06-AUG-04","06-AUG-04","N","5",""
"427","01-JAN-05","31-DEC-05","N","1",""
"428","09-AUG-04","09-AUG-04","N","5",""
"429","09-AUG-04","09-AUG-04","N","5",""
"430","01-JAN-05","31-DEC-05","N","1",""
"431","01-JAN-05","31-DEC-05","N","1",""
"432","10-AUG-04","10-AUG-04","N","5",""
"435","01-JAN-05","31-DEC-05","N","1",""
"436","01-JAN-05","31-DEC-05","N","1",""
"441","01-JAN-05","31-DEC-05","N","1",""
"444","01-JAN-05","31-DEC-05","N","1",""
"454","01-JAN-05","31-DEC-05","N","1",""
"457","01-JAN-05","31-DEC-05","N","1",""
"458","11-AUG-04","11-AUG-04","N","5",""
"459","01-JAN-05","31-DEC-05","N","1",""
"460","01-JAN-05","31-DEC-05","N","1",""
"461","01-JAN-05","31-DEC-05","N","1",""
"462","12-AUG-04","12-AUG-04","N","5",""
"463","12-AUG-04","12-AUG-04","N","5",""
"464","01-JAN-05","31-DEC-05","N","1",""
"465","13-AUG-04","13-AUG-04","N","5",""
"466","13-AUG-04","13-AUG-04","N","5",""
"469","01-JAN-05","31-DEC-05","N","1",""
"472","01-JAN-05","31-DEC-05","N","1",""
"473","16-AUG-04","16-AUG-04","N","5",""
"474","16-AUG-04","16-AUG-04","N","5",""
"475","01-JAN-05","31-DEC-05","N","1",""
"476","17-AUG-04","17-AUG-04","N","5",""
"477","17-AUG-04","17-AUG-04","N","5",""
"478","01-JAN-05","31-DEC-05","N","1",""
"479","01-JAN-05","31-DEC-05","N","1",""
"480","01-JAN-05","31-DEC-05","N","1",""
"481","18-AUG-04","18-AUG-04","N","5",""
"482","18-AUG-04","18-AUG-04","N","5",""
"483","19-AUG-04","19-OCT-04","N","3",""
"484","20-AUG-04","20-AUG-04","N","5",""
"485","20-AUG-04","31-AUG-04","N","2",""
"486","23-AUG-04","23-AUG-04","N","5",""
"487","23-AUG-04","23-AUG-04","N","5",""
"488","23-AUG-04","31-AUG-04","N","2",""
"489","24-AUG-04","24-AUG-04","N","5",""
"490","25-AUG-04","25-AUG-04","N","5",""
"491","26-AUG-04","26-AUG-04","N","5",""
"492","26-AUG-04","26-AUG-04","N","5",""
"493","27-AUG-04","27-AUG-04","N","5",""
"494","01-SEP-04","30-SEP-04","N","2",""
"495","01-SEP-04","31-DEC-04","N","3",""
"496","01-JAN-05","31-DEC-05","N","1",""
"497","09-SEP-04","09-SEP-04","N","5",""
"498","10-SEP-04","10-SEP-04","N","5",""
"499","27-SEP-04","27-SEP-04","N","5",""
"500","28-SEP-04","28-SEP-04","N","5",""
"501","01-JAN-05","31-DEC-05","N","1",""
"502","30-SEP-04","30-SEP-04","N","5",""
"503","01-JAN-05","31-DEC-05","N","1",""
"504","01-JAN-05","31-DEC-05","N","1",""
"505","01-JAN-05","31-DEC-05","N","1",""
"506","01-OCT-04","31-OCT-04","N","2",""
"507","01-OCT-04","28-DEC-04","N","3",""
"513","04-OCT-04","04-OCT-04","N","5",""
"514","01-JAN-05","31-DEC-05","N","1",""
"515","05-OCT-04","05-OCT-04","N","5",""
"516","01-JAN-05","31-DEC-05","N","1",""
"517","07-OCT-04","07-OCT-04","N","5",""
"518","11-OCT-04","11-OCT-04","N","5",""
"519","01-JAN-05","31-DEC-05","N","1",""
"520","14-OCT-04","31-DEC-04","N","3",""
"525","18-OCT-04","26-JAN-05","N","3",""
"526","18-OCT-04","31-JAN-05","N","3",""
"529","19-OCT-04","10-NOV-04","N","3",""
"1069","09-AUG-04","17-OCT-04","N","3",""
"1070","06-AUG-04","20-OCT-04","N","3",""
"1071","19-OCT-04","31-DEC-04","N","3",""
"1072","21-JUN-04","12-JUL-04","N","3",""
"1073","01-JUL-05","20-AUG-05","N","3",""
"1074","01-JUL-05","29-AUG-05","N","3",""
"1075","01-AUG-05","29-AUG-05","N","3",""
"1076","01-JUL-05","29-SEP-05","N","3",""
"1077","25-JUL-05","05-SEP-05","N","3",""
"1078","01-AUG-04","10-AUG-04","N","3",""
"1079","01-JAN-04","30-APR-04","N","5",""
"1080","01-APR-04","10-MAY-04","N","5",""
"1081","01-OCT-03","31-OCT-03","N","5",""
"1082","01-APR-04","30-APR-04","N","5",""
"1083","23-FEB-04","26-APR-04","N","5",""
"1084","01-JAN-04","28-FEB-04","N","5",""
"1085","30-DEC-03","31-MAR-04","N","5",""
"1086","30-DEC-04","31-MAR-04","N","5",""
"1087","15-MAR-04","31-MAR-04","N","5",""
"1088","29-JAN-04","31-MAR-04","N","5",""
"1089","01-JAN-02","09-MAR-04","N","5",""
"1090","01-JAN-04","01-MAR-04","N","5",""
"1091","01-JAN-04","16-FEB-04","N","5",""
"1092","01-JAN-04","16-MAR-04","N","5",""
"1093","01-JAN-04","28-MAR-04","N","5",""
"1094","01-JAN-04","26-MAR-04","N","5",""
"1095","01-JAN-04","30-JAN-04","N","5",""
"1096","01-DEC-03","31-DEC-03","N","5",""
"1097","25-NOV-03","31-DEC-03","N","5",""
"1098","01-JUN-03","30-JUN-03","N","5",""
"1099","01-SEP-03","31-DEC-03","N","5",""
"1100","01-APR-04","17-MAY-04","N","5",""
"1101","01-APR-04","28-MAY-04","N","5",""
"1102","01-JAN-03","30-JUN-03","N","5",""
"1103","26-MAY-03","30-JUN-03","N","5",""
"1104","30-JUN-03","15-JUL-03","N","5",""
"1105","27-MAY-03","30-JUN-03","N","5",""
"1106","01-DEC-02","22-JUL-03","N","5",""
"1107","15-APR-03","30-JUL-03","N","5",""
"1108","29-APR-03","30-JUN-03","N","5",""
"1109","28-APR-03","30-JUN-03","N","5",""
"1110","01-JUN-03","31-JUL-03","N","5",""
"1111","30-APR-03","30-JUN-03","N","5",""
"1112","31-MAR-03","30-JUN-03","N","5",""
"1113","01-APR-03","28-JUL-03","N","5",""
"1114","22-MAY-03","30-JUN-03","N","5",""
"1115","01-JUL-03","06-AUG-03","N","5",""
"1116","27-MAY-03","31-JUL-03","N","5",""
"1117","01-JAN-03","15-AUG-03","N","5",""
"1118","01-JUL-03","13-AUG-03","N","5",""
"1119","01-JAN-03","13-OCT-03","N","5",""
"1120","01-OCT-03","28-OCT-03","N","5",""
"1121","01-OCT-03","03-NOV-03","N","5",""
"1122","01-JAN-96","31-DEC-96","N","5",""
"1123","01-JUL-03","31-DEC-03","N","5",""
"1124","14-OCT-03","31-DEC-03","N","5",""
"1125","17-JUL-03","31-DEC-03","N","5",""
"1126","24-SEP-03","31-DEC-03","N","5",""
"1127","01-JUL-03","29-OCT-03","N","5",""
"1128","12-NOV-03","31-DEC-03","N","5",""
"1129","01-APR-04","17-JUN-04","N","5",""
"1130","01-JAN-04","09-MAY-04","N","5",""
"1131","04-MAR-04","20-JUN-04","N","5",""
"1132","01-MAY-03","30-JUN-03","N","5",""
"1133","16-MAR-04","31-MAR-04","N","5",""
"1134","01-APR-04","31-JUL-04","N","5",""
"1135","01-APR-04","12-JUL-04","N","5",""
"1136","01-JUL-04","12-JUL-04","N","5",""
"1137","30-MAR-04","30-JUN-04","N","5",""
"1138","01-JAN-04","30-JUN-04","N","5",""
"1139","01-APR-04","05-JUN-04","N","5",""
"1140","08-MAR-04","12-JUL-04","N","5",""
"1141","01-APR-04","01-JUL-04","N","5",""
"1142","01-APR-04","19-JUL-04","N","5",""
"1143","01-JUL-04","30-JUN-04","N","5",""
"1144","13-JUL-04","09-AUG-04","N","5",""
"1145","23-MAR-04","30-JUN-04","N","5",""
"1146","01-JUL-04","09-AUG-04","N","5",""
"1147","01-JUL-04","14-SEP-04","N","5",""
"1148","01-JUL-04","31-AUG-04","N","5",""
"1149","14-FEB-04","31-MAR-04","N","5",""
"1150","10-AUG-04","30-SEP-04","N","5",""
"1151","19-AUG-04","19-OCT-04","N","5",""
"1152","10-AUG-04","18-OCT-04","N","5",""
"1153","13-AUG-04","18-OCT-04","N","5",""
"1154","01-JAN-04","18-OCT-04","N","5",""
"1155","01-JUL-04","29-OCT-04","N","5",""
"1156","30-JUL-04","30-SEP-04","N","5",""
"1157","01-JUL-04","25-OCT-04","N","5",""
"1158","15-JUL-04","29-OCT-04","N","5",""
"1159","31-JUL-04","30-SEP-04","N","5",""
"1160","19-OCT-04","17-NOV-04","N","5",""
"1161","19-OCT-04","20-NOV-04","N","5",""
"1162","19-OCT-04","30-NOV-04","N","5",""
"1163","19-OCT-04","22-NOV-04","N","5",""
"1164","04-JAN-04","31-MAR-04","N","5",""
"1165","19-OCT-04","11-DEC-04","N","5",""
"1166","19-OCT-04","31-DEC-04","N","5",""
"1167","19-OCT-04","10-NOV-04","N","5",""
"1168","01-OCT-04","28-DEC-04","N","5",""
"1169","19-OCT-04","27-DEC-04","N","5",""
"1170","19-OCT-04","01-JAN-05","N","5",""
"1171","20-OCT-04","03-JAN-05","N","5",""
"1172","19-OCT-04","31-JAN-05","N","5",""
"1173","18-OCT-04","31-DEC-04","N","5",""
"1174","01-JAN-04","31-DEC-04","N","5",""
"1175","25-OCT-04","31-DEC-04","N","5",""
"1176","19-OCT-04","03-JAN-05","N","5",""
"1177","15-NOV-04","31-DEC-04","N","5",""
"1178","19-OCT-04","14-JAN-05","N","5",""
"1179","01-JAN-05","19-JAN-05","N","5",""
"1180","26-OCT-04","31-DEC-04","N","5",""
"1181","24-NOV-04","31-DEC-04","N","5",""
"1182","18-OCT-04","31-JAN-05","N","5",""
"1183","22-OCT-04","31-DEC-04","N","5",""
"1184","30-OCT-04","31-DEC-04","N","5",""
"1185","18-OCT-04","26-JAN-05","N","5",""
"1186","26-OCT-04","14-JAN-05","N","5",""
"1187","01-JAN-05","25-JAN-05","N","5",""
"1188","03-NOV-04","31-DEC-04","N","5",""
"1189","30-OCT-04","28-JAN-05","N","5",""
"1190","29-OCT-04","31-DEC-04","N","5",""
"1191","15-OCT-04","31-DEC-04","N","5",""
"1192","17-NOV-04","31-DEC-04","N","5",""
"1193","20-OCT-04","31-DEC-04","N","5",""
"1194","20-OCT-04","15-JAN-05","N","5",""
"1195","01-JAN-05","31-JAN-05","N","5",""
"1196","17-DEC-04","31-DEC-04","N","5",""
"1197","14-OCT-04","31-DEC-04","N","5",""
"1198","01-SEP-04","31-DEC-04","N","5",""
"1199","25-OCT-04","31-JAN-05","N","5",""
"1200","23-OCT-04","31-DEC-04","N","5",""
"1201","19-OCT-04","03-DEC-04","N","5",""
"1202","01-MAR-04","31-DEC-04","N","5",""
"1203","01-JAN-05","26-JAN-05","N","5",""
"1204","01-JAN-05","28-MAR-05","N","5",""
"1205","04-JAN-05","31-MAR-05","N","5",""
"1206","01-FEB-05","31-MAR-05","N","5",""
"1207","01-APR-05","14-APR-05","N","5",""
"1208","01-JAN-05","02-APR-05","N","5",""
"1209","29-JAN-05","28-APR-05","N","5",""
"1210","01-JAN-05","24-FEB-05","N","5",""
"1211","01-MAY-05","14-MAY-05","N","5",""
"1212","01-JAN-05","30-APR-05","N","5",""
"1213","01-JAN-05","02-MAY-05","N","5",""
"1214","25-FEB-05","31-MAR-05","N","5",""
"1215","08-MAR-05","31-MAR-05","N","5",""
"1216","01-MAR-05","31-MAR-05","N","5",""
"1217","01-JAN-05","06-MAY-05","N","5",""
"1218","01-JAN-05","30-MAR-05","N","5",""
"1219","03-MAR-05","31-MAR-05","N","5",""
"1220","01-APR-05","20-MAY-05","N","5",""
"1221","01-APR-05","15-JUN-05","N","5",""
"1222","01-MAY-05","31-MAY-05","N","5",""
"1223","01-APR-05","13-JUN-05","N","5",""
"1224","01-JAN-05","10-JUN-05","N","5",""
"1225","10-JUN-05","30-JUN-05","N","5",""
"1226","24-MAY-05","30-JUN-05","N","5",""
"1227","21-APR-05","30-JUN-05","N","5",""
"1228","20-NOV-03","31-DEC-03","N","5",""
"1229","01-APR-05","28-JUL-05","N","5",""
"1230","01-JAN-05","30-JUN-05","N","5",""
"1231","01-APR-05","29-JUL-05","N","5",""
"1232","01-JUL-05","01-AUG-05","N","5",""
"1233","01-APR-05","01-JUN-05","N","5",""
"1234","01-APR-05","01-JUL-05","N","5",""
"1235","01-MAY-05","30-JUN-05","N","5",""
"1236","22-MAR-05","30-JUN-05","N","5",""
"1237","01-JUN-05","30-JUN-05","N","5",""
"1238","25-MAY-05","30-JUN-05","N","5",""
"1239","01-APR-05","22-JUN-05","N","5",""
"1240","01-JUL-05","09-AUG-05","N","5",""
"1241","01-JUL-05","20-AUG-05","N","5",""
"1242","01-JUL-05","30-AUG-05","N","5",""
"1243","01-JUL-05","28-SEP-05","N","5",""
"1244","30-JUN-05","30-SEP-05","N","5",""
"1245","30-AUG-05","30-SEP-05","N","5",""
"1246","11-AUG-05","30-SEP-05","N","5",""
"1247","01-APR-05","30-SEP-05","N","5",""
"1248","01-SEP-05","30-SEP-05","N","5",""
"1249","01-JAN-05","30-SEP-05","N","5",""
"1250","14-SEP-05","30-SEP-05","N","5",""
"1251","01-OCT-05","31-OCT-05","N","5",""
"1252","01-JUL-05","15-AUG-05","N","5",""
"1253","21-AUG-05","30-SEP-05","N","5",""
"1254","09-AUG-05","30-SEP-05","N","5",""
"1255","15-AUG-05","30-SEP-05","N","5",""
"1256","06-SEP-05","30-SEP-05","N","5",""
"1257","05-AUG-05","30-SEP-05","N","5",""
"1258","08-AUG-05","30-SEP-05","N","5",""
"1259","27-JUL-05","30-SEP-05","N","5",""
"1260","01-JUL-05","17-OCT-05","N","5",""
"1261","01-AUG-05","30-SEP-05","N","5",""
"1262","01-AUG-05","31-OCT-05","N","5",""
"1263","18-JUL-05","30-SEP-05","N","5",""
"1264","07-JUL-05","30-SEP-05","N","5",""
"1265","28-JUN-05","30-SEP-05","N","5",""
"1266","01-OCT-05","21-OCT-05","N","5",""
"1267","01-NOV-05","09-NOV-05","N","5",""
"1268","01-OCT-05","16-NOV-05","N","5",""
"1269","01-JAN-05","30-NOV-05","N","5",""
"1270","01-OCT-05","30-NOV-05","N","5",""
"1271","01-NOV-05","30-NOV-05","N","5",""
"1272","01-OCT-05","03-NOV-05","N","5",""
"1273","01-JAN-04","31-MAR-04","N","6",""
"1274","01-JAN-03","31-DEC-03","N","6",""
"1275","01-OCT-03","31-DEC-03","N","6",""
"1276","01-JAN-04","31-DEC-04","N","6",""
"1277","19-OCT-04","31-DEC-04","N","6",""
"1278","01-OCT-04","31-DEC-04","N","6",""
"1279","16-DEC-04","31-DEC-04","N","6",""
"1280","01-JAN-03","31-DEC-04","N","6",""
"1281","01-APR-04","12-JUL-04","N","6",""
"1282","01-JUN-98","31-DEC-04","N","6",""
"1283","01-JAN-05","31-MAR-05","N","6",""
"1284","01-FEB-04","29-FEB-04","N","4",""
"1285","01-JUN-03","30-JUN-03","N","4",""
"1286","01-APR-03","30-JUN-03","N","4",""
"1287","01-JUL-03","31-JUL-03","N","4",""
"1288","01-AUG-03","31-AUG-03","N","4",""
"1289","01-SEP-03","30-SEP-03","N","4",""
"1290","01-OCT-03","31-OCT-03","N","4",""
"1291","01-NOV-03","30-NOV-03","N","4",""
"1292","01-DEC-03","31-DEC-03","N","4",""
"1293","01-APR-04","30-JUN-04","N","4",""
"1294","13-JUL-04","09-AUG-04","N","4",""
"1295","15-JUL-04","31-JUL-04","N","4",""
"1296","23-JUL-04","31-JUL-04","N","4",""
"1297","23-AUG-04","31-AUG-04","N","4",""
"1298","20-AUG-04","31-AUG-04","N","4",""
"1299","19-OCT-04","31-OCT-04","N","4",""
"1300","19-OCT-04","30-NOV-04","N","4",""
"1301","01-OCT-04","31-DEC-04","N","4",""
"1302","01-APR-05","30-JUN-05","N","4",""
"1303","01-AUG-05","12-AUG-05","N","4",""
"1304","30-AUG-05","30-SEP-05","N","4",""
"1305","22-SEP-05","30-SEP-05","N","4",""
"1306","10-NOV-05","30-NOV-05","N","4",""
"1307","15-NOV-05","31-MAR-06","","5","disabled"
"1308","17-JUL-05","31-DEC-05","","5","disabled"
"1309","17-MAY-04","31-DEC-05","","5","disabled"
"1310","01-FEB-06","28-FEB-06","000008","4","disabled"
"1311","01-APR-06","30-APR-06","000008","4","disabled"
"1312","01-APR-06","30-JUN-06","000008","5","disabled"
"1316","01-JAN-06","20-MAR-06","000008","8","disabled"
"1317","21-MAR-06","24-APR-06","000008","9","disabled"
"1318","25-APR-06","30-JUN-06","000008","11","disabled"
"1319","01-MAR-06","31-MAR-06","000008","4","disabled"
"1320","01-APR-06","10-JUL-06","000008","1","disabled"
"1321","11-JUL-06","07-AUG-06","000004","2","disabled"
"1322","08-AUG-06","23-OCT-06","000004","3","disabled"
"1323","24-OCT-06","31-DEC-06","000008","12","disabled"
"1324","01-MAY-06","31-MAY-06","000008","4","disabled"
"1325","27-FEB-06","30-APR-06","","4","disabled"
"1326","01-JUN-06","30-JUN-06","000008","4","disabled"
"1327","20-FEB-06","31-MAR-06","","4","disabled"
"1328","24-MAR-06","10-JUL-06","","1","disabled"
"1329","22-MAR-06","10-JUL-06","","1","disabled"
"1330","06-JUN-00","10-JUL-06","","1","disabled"
"1331","01-JUN-06","07-AUG-06","","2","disabled"
"1332","01-JAN-01","10-JUL-06","","1","disabled"
"1333","01-JUL-06","31-JUL-06","000008","4","disabled"
"1334","01-JUL-06","30-SEP-06","000008","5","disabled"
"1335","19-MAR-06","10-JUL-06","","1","disabled"
"1336","12-JUN-05","10-JUL-06","","1","disabled"
"1337","01-JAN-06","10-JUL-06","","1","disabled"
"1338","06-MAR-06","10-JUL-06","","1","disabled"
"1339","06-MAR-06","10-JUL-06","","1","disabled"
"1340","31-MAR-06","10-JUL-06","","1","disabled"
"1341","04-JAN-06","10-JUL-06","","1","disabled"
"1342","09-MAR-06","10-JUL-06","","1","disabled"
"1343","07-FEB-06","10-JUL-06","","1","disabled"
"1344","23-JUL-02","07-AUG-06","","2","disabled"
"1345","01-AUG-06","31-AUG-06","000008","4","disabled"
"1346","28-JUL-06","31-AUG-06","","4","disabled"
"1347","01-SEP-06","30-SEP-06","000008","4","disabled"
"1348","01-OCT-06","31-OCT-06","000008","4","disabled"
"1349","01-NOV-06","30-NOV-06","000008","4","disabled"
"1350","01-DEC-06","31-DEC-06","000008","4","disabled"
"1351","01-OCT-06","31-DEC-06","","5","disabled"
"1352","19-FEB-04","30-SEP-06","","5","disabled"
"1353","28-MAR-06","23-OCT-06","","3","disabled"
"1354","28-JUN-06","23-OCT-06","","3","disabled"
"1355","01-OCT-06","23-OCT-06","000006","3","disabled"
"1356","01-JAN-07","29-JAN-07","000004","8","disabled"
"1357","30-JAN-07","19-MAR-07","000004","9","disabled"
"1358","20-MAR-07","31-MAR-07","000008","12","disabled"
"1359","01-JAN-07","31-DEC-07","000004","6","disabled"
"1360","01-JAN-07","31-JAN-07","000008","4","disabled"
"1361","01-JAN-07","31-MAR-07","000020","5","disabled"
"1362","01-APR-07","30-JUN-07","000020","5","disabled"
"1363","01-JUL-07","30-SEP-07","000020","5","disabled"
"1364","01-FEB-07","28-FEB-07","000008","4","disabled"
"1365","01-MAR-07","31-MAR-07","000008","4","disabled"
"1366","01-APR-07","30-APR-07","000008","4","disabled"
"1367","01-JAN-06","31-DEC-06","","12","disabled"
"1368","01-MAY-07","31-MAY-07","000008","4","disabled"
"1369","01-JUN-07","30-JUN-07","000008","4","disabled"
"1370","01-JUL-07","31-JUL-07","000008","4","disabled"
"1371","30-MAR-07","30-JUN-07","","5","disabled"
"1372","01-AUG-07","31-AUG-07","000008","4","disabled"
"1373","31-JUL-07","31-AUG-07","","4","disabled"
"1374","01-SEP-07","30-SEP-07","000008","4","disabled"
"1375","01-OCT-07","31-OCT-07","000008","4","disabled"
"1376","01-OCT-07","31-DEC-07","000008","5","disabled"
"1377","01-JAN-07","30-SEP-07","","5","disabled"
"1378","02-JAN-07","30-SEP-07","","5","disabled"
"1379","17-MAY-07","30-SEP-07","","5","disabled"
"1380","13-SEP-07","31-DEC-07","000004","5","disabled"
"1381","11-JUN-07","30-SEP-07","","5","disabled"
"1382","01-DEC-07","31-DEC-07","000008","4","disabled"
"1383","01-NOV-07","30-NOV-07","000008","4","disabled"
"1384","01-JAN-08","31-DEC-08","000004","6","disabled"
"1385","01-JAN-08","31-JAN-08","000008","4","disabled"
"1386","01-JAN-08","31-MAR-08","000008","5","disabled"
"1388","22-OCT-07","31-MAR-08","","5","disabled"
"1396","01-OCT-07","31-MAR-08","","5","disabled"
"1397","01-MAY-08","31-MAY-08","000008","4","disabled"
"1399","01-JUL-08","31-JUL-08","000020","4","disabled"
"1400","01-JUL-08","30-SEP-08","000020","5","disabled"
"1414","15-MAY-08","20-OCT-08","000004","3","disabled"
"1424","01-MAR-09","31-MAR-09","000020","4","disabled"
"1430","07-MAR-09","30-JUN-09","","5","disabled"
"1462","08-MAR-10","12-JUL-10","","1","disabled"
"1472","04-JUN-01","12-JUL-10","","1","disabled"
"1482","01-NOV-10","30-NOV-10","000004","4","disabled"
"1497","01-JUN-11","30-JUN-11","000004","4","disabled"
"1505","01-JUL-11","24-OCT-11","000006","8","disabled"
"1507","29-AUG-11","30-SEP-11","","4","disabled"
"1510","26-MAY-11","30-SEP-11","","5","disabled"
"1531","27-JUL-11","31-DEC-11","","5","disabled"
"1532","01-MAR-12","31-MAR-12","000004","4","disabled"
"1547","14-AUG-12","22-OCT-12","000006","3","viewable"
"1558","14-AUG-12","22-OCT-12","000022","9","disabled"
"1561","11-JUN-12","13-AUG-12","","2","disabled"
"1568","14-APR-12","22-OCT-12","","3","disabled"
"1575","23-OCT-12","30-NOV-12","000022","4","viewable"
"1577","24-AUG-12","22-OCT-12","","3","disabled"
"1581","01-JAN-13","31-DEC-13","","6","viewable"
"1582","01-JAN-13","31-JAN-13","000022","4","viewable"
"1583","01-JAN-13","31-MAR-13","000008","5","viewable"
"1584","09-MAY-12","31-DEC-12","000022","17","viewable"
"1587","01-MAR-13","31-MAR-13","000022","4","viewable"
"1390","01-MAR-08","31-MAR-08","000008","4","disabled"
"1391","01-APR-08","30-APR-08","000008","4","disabled"
"1392","01-APR-08","30-JUN-08","000008","5","disabled"
"1393","01-APR-08","14-JUL-08","000020","1","disabled"
"1398","01-JUN-08","30-JUN-08","000008","4","disabled"
"1411","21-OCT-08","31-DEC-08","000020","12","disabled"
"1438","01-AUG-09","31-AUG-09","000020","4","disabled"
"1445","21-AUG-09","31-DEC-09","","5","disabled"
"1446","01-JAN-10","31-DEC-10","000004","6","disabled"
"1447","01-JAN-10","31-JAN-10","000020","4","disabled"
"1448","06-AUG-09","31-DEC-09","","5","disabled"
"1449","30-SEP-09","31-DEC-09","","5","disabled"
"1458","05-JAN-10","30-JUN-10","","5","disabled"
"1461","01-JUN-10","30-JUN-10","000004","4","disabled"
"1468","13-JUL-10","09-AUG-10","000004","2","disabled"
"1483","01-OCT-10","31-OCT-10","000004","4","disabled"
"1490","28-DEC-10","31-MAR-11","000004","5","disabled"
"1516","30-AUG-11","24-OCT-11","000004","3","disabled"
"1521","01-JAN-12","31-JAN-12","000004","4","disabled"
"1527","01-JAN-12","11-JUN-12","000022","1","disabled"
"1528","15-SEP-11","31-DEC-11","","5","disabled"
"1534","01-APR-12","30-APR-12","000004","4","disabled"
"1536","01-APR-12","11-JUN-12","000022","1","disabled"
"1537","09-DEC-11","08-MAY-12","000006","12","disabled"
"1538","02-JAN-12","31-MAR-12","","11","disabled"
"1542","01-JUN-12","30-JUN-12","000022","4","disabled"
"1563","19-FEB-13","18-MAR-13","000006","3","viewable"
"1564","01-JAN-12","18-FEB-13","000006","1","viewable"
"1585","01-FEB-13","28-FEB-13","000022","4","viewable"
"1389","01-FEB-08","29-FEB-08","000008","4","disabled"
"1407","17-JUN-08","11-AUG-08","","2","disabled"
"1408","01-SEP-08","30-SEP-08","000020","4","disabled"
"1420","01-JUL-09","30-SEP-09","000004","5","disabled"
"1422","01-FEB-09","28-FEB-09","000020","4","disabled"
"1440","01-OCT-09","31-OCT-09","000020","4","disabled"
"1450","01-APR-10","12-JUL-10","000003","1","disabled"
"1453","01-MAR-10","31-MAR-10","000008","4","disabled"
"1463","23-MAR-10","12-JUL-10","","1","disabled"
"1466","01-JUL-10","31-JUL-10","000004","4","disabled"
"1467","01-JUL-10","30-SEP-10","000004","5","disabled"
"1479","23-JUL-10","18-OCT-10","","3","disabled"
"1492","01-MAR-11","31-MAR-11","000004","4","disabled"
"1494","01-APR-11","30-JUN-11","000008","5","disabled"
"1495","04-JAN-11","30-JUN-11","","5","disabled"
"1501","01-JUL-11","31-JUL-11","000004","4","disabled"
"1502","01-JUL-11","30-SEP-11","000008","5","disabled"
"1506","01-SEP-11","30-SEP-11","000004","4","disabled"
"1535","01-APR-12","30-JUN-12","000022","5","disabled"
"1539","26-JAN-10","31-MAR-12","","5","disabled"
"1545","24-FEB-11","11-JUN-12","","1","disabled"
"1546","12-JUN-12","13-AUG-12","000008","2","viewable"
"1550","10-JAN-12","11-JUN-12","000022","1","disabled"
"1569","01-OCT-12","31-DEC-12","000008","5","viewable"
"1570","23-OCT-12","31-DEC-12","000022","12","viewable"
"1573","09-AUG-12","22-OCT-12","","3","disabled"
"1574","01-OCT-12","22-OCT-12","000022","3","viewable"
"1586","18-FEB-13","18-MAR-13","","3","disabled"
"1406","01-AUG-08","31-AUG-08","000020","4","disabled"
"1409","01-OCT-08","31-OCT-08","000020","4","disabled"
"1410","01-OCT-08","31-DEC-08","000020","5","disabled"
"1412","05-JUN-08","20-OCT-08","","3","disabled"
"1415","01-DEC-08","31-DEC-08","000020","4","disabled"
"1416","01-JAN-09","31-DEC-09","000004","6","disabled"
"1417","01-JAN-09","31-JAN-09","000008","4","disabled"
"1418","01-JAN-09","31-MAR-09","000008","5","disabled"
"1419","01-APR-09","30-JUN-09","000004","5","disabled"
"1421","01-OCT-09","31-DEC-09","000004","5","disabled"
"1431","01-JUL-09","31-JUL-09","000020","4","disabled"
"1436","31-MAR-09","30-JUN-09","","5","disabled"
"1454","01-APR-10","30-APR-10","000004","4","disabled"
"1455","01-APR-10","30-JUN-10","000004","5","disabled"
"1460","01-MAY-10","31-MAY-10","000004","4","disabled"
"1464","10-MAR-10","12-JUL-10","","1","disabled"
"1476","19-OCT-10","30-NOV-10","000004","4","disabled"
"1477","01-OCT-10","31-DEC-10","000004","5","disabled"
"1491","01-FEB-11","28-FEB-11","000004","4","disabled"
"1498","01-APR-11","25-JUL-11","000004","8","disabled"
"1504","01-AUG-11","31-AUG-11","000004","4","disabled"
"1508","01-OCT-11","31-OCT-11","000004","4","disabled"
"1509","01-OCT-11","31-DEC-11","000008","5","disabled"
"1514","10-DEC-09","29-AUG-11","","1","disabled"
"1515","01-DEC-11","31-DEC-11","000004","4","disabled"
"1518","23-AUG-11","24-OCT-11","000004","3","disabled"
"1519","25-OCT-11","08-DEC-11","000004","12","disabled"
"1520","25-OCT-11","08-DEC-11","000006","12","disabled"
"1526","01-JAN-12","31-DEC-12","000004","6","disabled"
"1529","31-JAN-12","19-MAR-12","000004","9","disabled"
"1554","29-MAR-12","11-JUN-12","","1","disabled"
"1557","12-JUN-12","13-AUG-12","000022","10","disabled"
"1394","15-JUL-08","11-AUG-08","000020","2","disabled"
"1403","15-JUL-08","29-JUL-08","000020","8","disabled"
"1405","04-JUN-28","14-JUL-08","","1","disabled"
"1439","01-SEP-09","30-SEP-09","000020","4","disabled"
"1442","01-NOV-09","30-NOV-09","000020","4","disabled"
"1443","01-JAN-10","31-MAR-10","000004","5","disabled"
"1451","29-DEC-09","31-DEC-09","","5","disabled"
"1452","01-FEB-10","28-FEB-10","000008","4","disabled"
"1469","10-AUG-10","18-OCT-10","000008","3","disabled"
"1480","05-APR-10","30-SEP-10","","5","disabled"
"1481","01-OCT-10","18-OCT-10","000004","4","disabled"
"1493","01-APR-11","30-APR-11","000004","4","disabled"
"1499","26-JUL-11","26-SEP-11","000004","9","disabled"
"1512","25-OCT-11","30-JAN-12","000004","9","disabled"
"1395","12-AUG-08","20-OCT-08","000004","3","disabled"
"1413","01-NOV-08","30-NOV-08","000020","4","disabled"
"1423","20-MAR-07","31-DEC-08","","5","disabled"
"1425","01-APR-09","30-APR-09","000020","4","disabled"
"1426","31-AUG-04","31-MAR-08","","5","disabled"
"1437","30-MAR-09","30-JUN-09","","5","disabled"
"1470","19-OCT-10","31-DEC-10","000008","12","disabled"
"1471","11-JUN-10","09-AUG-10","","2","disabled"
"1478","16-JUL-10","18-OCT-10","","3","disabled"
"1496","01-MAY-11","31-MAY-11","000004","4","disabled"
"1503","18-FEB-11","30-JUN-11","","5","disabled"
"1522","01-FEB-12","29-FEB-12","000004","4","disabled"
"1524","31-JAN-12","31-MAR-12","000004","12","disabled"
"1525","01-JAN-12","31-MAR-12","000022","5","disabled"
"1540","01-MAY-12","31-MAY-12","000022","4","disabled"
"1541","12-FEB-12","30-JUN-12","","5","disabled"
"1551","08-JUN-11","11-JUN-12","","1","disabled"
"1552","11-JUL-11","11-JUN-12","","1","disabled"
"1553","15-MAR-12","11-JUN-12","","1","disabled"
"1555","01-JUL-12","30-SEP-12","000022","5","disabled"
"1556","01-AUG-12","31-AUG-12","000022","4","disabled"
"1566","01-OCT-12","31-OCT-12","000022","4","viewable"
"1567","01-DEC-12","31-DEC-12","000022","4","viewable"
"1576","01-OCT-12","22-OCT-12","000022","4","disabled"
"1578","12-APR-12","31-DEC-12","","12","disabled"
"1579","07-DEC-12","06-MAY-13","000022","17","viewable"
"1580","07-DEC-12","06-MAY-13","000022","14","viewable"
"1387","30-SEP-07","31-DEC-07","","5","disabled"
"1402","27-MAR-08","14-JUL-08","","1","disabled"
"1404","13-JUN-08","30-SEP-08","","5","disabled"
"1427","23-DEC-08","31-MAR-09","","5","disabled"
"1428","01-JUN-87","31-MAR-09","","5","disabled"
"1432","01-JUN-09","30-JUN-09","000020","4","disabled"
"1434","25-AUG-09","28-SEP-09","000020","9","disabled"
"1435","29-SEP-09","31-DEC-09","000004","11","disabled"
"1441","01-MAY-09","30-SEP-09","","5","disabled"
"1456","07-JAN-10","30-JUN-10","","5","disabled"
"1457","19-JAN-10","31-MAR-10","","5","disabled"
"1459","16-SEP-09","31-MAR-10","","5","disabled"
"1465","12-JUN-06","12-JUL-10","","1","disabled"
"1473","15-JAN-10","12-JUL-10","","1","disabled"
"1474","01-AUG-10","31-AUG-10","000004","4","disabled"
"1484","01-DEC-10","31-DEC-10","000004","4","disabled"
"1485","01-OCT-10","27-DEC-10","000004","8","disabled"
"1486","28-DEC-10","24-JAN-11","000004","9","disabled"
"1487","01-JAN-11","31-DEC-11","000004","6","disabled"
"1488","01-JAN-11","31-JAN-11","000004","4","disabled"
"1489","01-JAN-11","31-MAR-11","000008","5","disabled"
"1511","01-NOV-11","30-NOV-11","000004","4","disabled"
"1513","01-JAN-11","29-AUG-11","000004","1","disabled"
"1530","31-JAN-12","31-MAR-12","000004","11","disabled"
"1543","01-JUL-12","31-JUL-12","000022","4","disabled"
"1549","16-DEC-09","11-JUN-12","","1","disabled"
"1560","08-MAY-12","13-AUG-12","","2","disabled"
"1565","01-SEP-12","30-SEP-12","000022","4","disabled"
"1571","01-NOV-12","30-NOV-12","000022","4","viewable"
"1572","26-JUN-12","22-OCT-12","","3","disabled"
"1401","09-OCT-07","14-JUL-08","","1","disabled"
"1429","01-MAY-09","31-MAY-09","000020","4","disabled"
"1433","01-JUL-09","24-AUG-09","000020","8","disabled"
"1444","01-DEC-09","31-DEC-09","000020","4","disabled"
"1475","01-SEP-10","30-SEP-10","000004","4","disabled"
"1500","27-SEP-11","31-DEC-11","000004","11","disabled"
"1517","30-AUG-11","24-OCT-11","000004","3","disabled"
"1523","01-JAN-12","30-JAN-12","000004","8","disabled"
"1533","20-MAR-12","30-JUN-12","000022","11","disabled"
"1544","31-DEC-08","11-JUN-12","","1","disabled"
"1548","10-JUN-10","11-JUN-12","","1","disabled"
"1559","23-OCT-12","06-DEC-12","000006","11","viewable"
"1562","01-JAN-13","18-FEB-13","000006","1","disabled"
"1596","01-JAN-13","27-MAY-13","000022","1","viewable"
"1600","26-MAR-13","30-JUN-13","","5","disabled"
"1590","01-JAN-13","27-MAY-13","000022","8","viewable"
"1592","30-JUL-13","12-SEP-13","000022","13","viewable"
"1593","13-SEP-13","12-FEB-14","000022","14","viewable"
"1598","30-JUL-13","28-OCT-13","000022","3","viewable"
"1601","04-JUN-12","13-AUG-12","","2","disabled"
"1595","03-MAY-13","02-OCT-13","000022","14","viewable"
"1597","28-MAY-13","29-JUL-13","000022","3","viewable"
"1602","19-MAR-13","02-MAY-13","000022","16","viewable"
"1588","01-APR-13","30-APR-13","000022","4","viewable"
"1589","01-APR-13","30-JUN-13","000008","5","viewable"
"1591","28-MAY-13","29-JUL-13","000022","9","viewable"
"1594","19-MAR-13","02-MAY-13","000022","13","viewable"
"1599","01-MAY-13","31-MAY-13","","4","viewable"
