TRANSACTION_ID,PROMISE_DATE,NATURE,D1_STATUS,REF_TRANS_ID,BALANCE,
"158946","01-JAN-06","Pledge","1","","25"
"158947","01-JAN-06","Pledge","1","","75"
"158948","01-JAN-06","Pledge","1","","50"
"158953","01-JAN-06","Pledge","1","","45"
"158956","01-JAN-06","Pledge","1","","50"
"158958","01-JAN-06","Pledge","1","","50"
"158959","01-JAN-06","Pledge","1","","60"
"158961","01-JAN-06","Pledge","1","","100"
"158963","01-JAN-06","Pledge","1","","50"
"158964","01-JAN-06","Pledge","1","","50"
"158965","01-JAN-06","Pledge","1","","50"
"158966","01-JAN-06","Pledge","1","","50"
"158972","01-JAN-06","Pledge","1","","50"
"156167","01-JAN-06","Pledge","1","","100"
"160565","03-JAN-06","Pledge","1","","0"
"161576","31-MAR-06","Pledge","2","158946",""
"161579","31-MAR-06","Pledge","2","158953",""
"161585","31-MAR-06","Pledge","2","158948",""
"161595","31-MAR-06","Pledge","2","158956",""
"161597","31-MAR-06","Pledge","2","158959",""
"161598","31-MAR-06","Pledge","2","158963",""
"161603","31-MAR-06","Pledge","2","158965",""
"161606","31-MAR-06","Pledge","2","158972",""
"161608","31-MAR-06","Pledge","2","158966",""
"161611","31-MAR-06","Pledge","2","158964",""
"161615","31-MAR-06","Pledge","2","158958",""
"161619","31-MAR-06","Pledge","2","158947",""
"161625","31-MAR-06","Pledge","2","156167",""
"161627","31-MAR-06","Pledge","2","158961",""
"172390","01-APR-06","Pledge","1","","55"
"172396","30-JUN-06","Pledge","2","158946",""
"172401","30-JUN-06","Pledge","2","158953",""
"172410","30-JUN-06","Pledge","2","158947",""
"172412","30-JUN-06","Pledge","2","158948",""
"172414","30-JUN-06","Pledge","2","158972",""
"172424","30-JUN-06","Pledge","2","158963",""
"172422","30-JUN-06","Pledge","2","158961",""
"172417","30-JUN-06","Pledge","2","158956",""
"172418","30-JUN-06","Pledge","2","156167",""
"172419","30-JUN-06","Pledge","2","158958",""
"172421","30-JUN-06","Pledge","2","158959",""
"172425","30-JUN-06","Pledge","2","158964",""
"172426","30-JUN-06","Pledge","2","158965",""
"172427","30-JUN-06","Pledge","2","158966",""
"172429","01-APR-06","Pledge","1","","0"
"182454","30-MAY-06","Pledge","1","","0"
"182461","30-MAY-06","Pledge","1","","0"
"182468","30-MAY-06","Pledge","1","","0"
"182473","12-JUN-06","Pledge","1","","0"
"182482","19-JUN-06","Pledge","1","","0"
"182491","19-JUN-06","Pledge","1","","0"
"182500","05-JUL-06","Pledge","2","182468",""
"182189","01-APR-06","Pledge","2","160565",""
"182200","03-MAY-06","Pledge","2","160565",""
"182205","05-JUN-06","Pledge","2","160565",""
"182210","05-JUL-06","Pledge","2","160565",""
"183047","19-MAY-06","Pledge","1","","5000"
"181548","21-JUN-06","Note","1","","100"
"181552","07-JUN-06","Note","1","","150"
"181555","19-MAY-06","Note","1","","250"
"181558","19-MAY-06","Note","1","","750"
"215857","13-FEB-06","Pledge","1","","400"
"215856","13-FEB-06","Pledge","1","","600"
"230586","14-JUL-06","Pledge","2","160565",""
"230587","14-JUL-06","Pledge","2","182468",""
"230992","14-JUL-06","Pledge","1","","0"
"230995","14-JUL-06","Pledge","1","","0"
"231000","21-JUL-06","Pledge","1","","0"
"231006","07-AUG-06","Pledge","1","","0"
"231010","07-AUG-06","Pledge","2","230995",""
"231013","07-AUG-06","Pledge","2","231000",""
"231058","26-JUL-06","Pledge","1","","0"
"232584","15-JUL-06","Pledge","2","172429",""
"232585","15-JUL-06","Pledge","2","172390",""
"232586","15-JUL-06","Pledge","2","158946",""
"232587","15-JUL-06","Pledge","2","158964",""
"232588","15-JUL-06","Pledge","2","158958",""
"232589","15-JUL-06","Pledge","2","158948",""
"232590","15-JUL-06","Pledge","2","158963",""
"232592","15-JUL-06","Pledge","2","156167",""
"232593","15-JUL-06","Pledge","2","158965",""
"232594","15-JUL-06","Pledge","2","158972",""
"232596","15-JUL-06","Pledge","2","158966",""
"232597","15-JUL-06","Pledge","2","158956",""
"232598","15-JUL-06","Pledge","2","158961",""
"232599","15-JUL-06","Pledge","2","158947",""
"274195","15-AUG-06","Pledge","2","172429",""
"274196","15-AUG-06","Pledge","2","172390",""
"274197","15-AUG-06","Pledge","2","158946",""
"274198","15-AUG-06","Pledge","2","158948",""
"274199","15-AUG-06","Pledge","2","158956",""
"274200","15-AUG-06","Pledge","2","158958",""
"274201","15-AUG-06","Pledge","2","158964",""
"274202","15-AUG-06","Pledge","2","158966",""
"274203","15-AUG-06","Pledge","2","158972",""
"274204","15-AUG-06","Pledge","2","158965",""
"274205","15-AUG-06","Pledge","2","158963",""
"274206","15-AUG-06","Pledge","2","158947",""
"274207","15-AUG-06","Pledge","2","156167",""
"274208","15-AUG-06","Pledge","2","158961",""
"278824","15-SEP-06","Pledge","2","172429",""
"278825","15-SEP-06","Pledge","2","172390",""
"278826","15-SEP-06","Pledge","2","158946",""
"278827","15-SEP-06","Pledge","2","158948",""
"278829","15-SEP-06","Pledge","2","158956",""
"278830","15-SEP-06","Pledge","2","158958",""
"278831","15-SEP-06","Pledge","2","158964",""
"278833","15-SEP-06","Pledge","2","158966",""
"278834","15-SEP-06","Pledge","2","158972",""
"278835","15-SEP-06","Pledge","2","158965",""
"278836","15-SEP-06","Pledge","2","158963",""
"278838","15-SEP-06","Pledge","2","158947",""
"278839","15-SEP-06","Pledge","2","156167",""
"278840","15-SEP-06","Pledge","2","158961",""
"278846","15-OCT-06","Pledge","2","172390",""
"278847","15-OCT-06","Pledge","2","158946",""
"278848","15-OCT-06","Pledge","2","158948",""
"278857","15-OCT-06","Pledge","2","158956",""
"278858","15-OCT-06","Pledge","2","158958",""
"278860","15-OCT-06","Pledge","2","158959",""
"278861","15-OCT-06","Pledge","2","158964",""
"278862","15-OCT-06","Pledge","2","158966",""
"278863","15-OCT-06","Pledge","2","158972",""
"278865","15-OCT-06","Pledge","2","158965",""
"278866","15-OCT-06","Pledge","2","158963",""
"278867","15-OCT-06","Pledge","2","158947",""
"278868","15-OCT-06","Pledge","2","156167",""
"278869","15-OCT-06","Pledge","2","158961",""
"290833","21-JUN-06","Note","1","","100"
"290834","07-JUN-06","Note","1","","150"
"290835","19-MAY-06","Note","1","","250"
"290836","19-MAY-06","Note","1","","750"
"290837","19-MAY-06","Pledge","1","","5000"
"350050","25-AUG-06","Pledge","2","182491",""
"350060","06-SEP-06","Pledge","2","230992",""
"350083","06-SEP-06","Pledge","2","182482",""
"350098","06-SEP-06","Pledge","2","182461",""
"350148","06-SEP-06","Pledge","2","182454",""
"350154","06-SEP-06","Pledge","2","231006",""
"350163","06-SEP-06","Pledge","2","231000",""
"350181","06-SEP-06","Pledge","2","230995",""
"350192","11-SEP-06","Pledge","2","231058",""
"350201","11-SEP-06","Pledge","2","182473",""
"350205","04-OCT-06","Pledge","2","231000",""
"350217","04-OCT-06","Pledge","2","230995",""
"398298","31-MAR-06","Pledge","2","158946",""
"398300","31-MAR-06","Pledge","2","158948",""
"398301","31-MAR-06","Pledge","2","158956",""
"398302","31-MAR-06","Pledge","2","158959",""
"398303","31-MAR-06","Pledge","2","158963",""
"398304","31-MAR-06","Pledge","2","158965",""
"398305","31-MAR-06","Pledge","2","158972",""
"398306","31-MAR-06","Pledge","2","158966",""
"398307","31-MAR-06","Pledge","2","158964",""
"398308","31-MAR-06","Pledge","2","158958",""
"398309","31-MAR-06","Pledge","2","158947",""
"398310","31-MAR-06","Pledge","2","156167",""
"398311","31-MAR-06","Pledge","2","158961",""
"388667","01-JAN-06","Pledge","1","","0"
"388668","01-JAN-06","Pledge","1","","15"
"388669","01-JAN-06","Pledge","1","","0"
"388670","01-JAN-06","Pledge","1","","20"
"388671","01-JAN-06","Pledge","1","","0"
"388672","01-JAN-06","Pledge","1","","20"
"388673","01-JAN-06","Pledge","1","","0"
"388674","01-JAN-06","Pledge","1","","0"
"388675","01-JAN-06","Pledge","1","","0"
"388676","01-JAN-06","Pledge","1","","0"
"388677","01-JAN-06","Pledge","1","","0"
"388678","01-JAN-06","Pledge","1","","0"
"388679","01-JAN-06","Pledge","1","","0"
"388680","01-JAN-06","Pledge","1","","0"
"388681","31-MAR-06","Pledge","2","158946",""
"388682","31-MAR-06","Pledge","2","158953",""
"388683","31-MAR-06","Pledge","2","158948",""
"388684","31-MAR-06","Pledge","2","158956",""
"388685","31-MAR-06","Pledge","2","158959",""
"388686","31-MAR-06","Pledge","2","158963",""
"388687","31-MAR-06","Pledge","2","158965",""
"388688","31-MAR-06","Pledge","2","158972",""
"388689","31-MAR-06","Pledge","2","158966",""
"388690","31-MAR-06","Pledge","2","158964",""
"388691","31-MAR-06","Pledge","2","158958",""
"388692","31-MAR-06","Pledge","2","158947",""
"388693","31-MAR-06","Pledge","2","156167",""
"388694","31-MAR-06","Pledge","2","158961",""
"400188","01-APR-06","Pledge","1","","0"
"400189","30-JUN-06","Pledge","2","158946",""
"400190","30-JUN-06","Pledge","2","158953",""
"400191","30-JUN-06","Pledge","2","158947",""
"400192","30-JUN-06","Pledge","2","158948",""
"400193","30-JUN-06","Pledge","2","158972",""
"400194","30-JUN-06","Pledge","2","158963",""
"400195","30-JUN-06","Pledge","2","158961",""
"400196","30-JUN-06","Pledge","2","158956",""
"400197","30-JUN-06","Pledge","2","156167",""
"400198","30-JUN-06","Pledge","2","158958",""
"400199","30-JUN-06","Pledge","2","158959",""
"400200","30-JUN-06","Pledge","2","158964",""
"400201","30-JUN-06","Pledge","2","158965",""
"400202","30-JUN-06","Pledge","2","158966",""
"400203","01-APR-06","Pledge","1","","0"
"399182","31-MAR-06","Pledge","1","","0"
"400293","15-JUL-06","Pledge","2","172429",""
"400294","15-JUL-06","Pledge","2","172390",""
"400295","15-JUL-06","Pledge","2","158946",""
"400296","15-JUL-06","Pledge","2","158964",""
"400297","15-JUL-06","Pledge","2","158958",""
"400298","15-JUL-06","Pledge","2","158948",""
"400299","15-JUL-06","Pledge","2","158963",""
"400300","15-JUL-06","Pledge","2","156167",""
"400301","15-JUL-06","Pledge","2","158965",""
"400302","15-JUL-06","Pledge","2","158972",""
"400303","15-JUL-06","Pledge","2","158966",""
"400304","15-JUL-06","Pledge","2","158956",""
"400305","15-JUL-06","Pledge","2","158961",""
"400306","15-JUL-06","Pledge","2","158947",""
"400544","14-JUL-06","Pledge","2","400188",""
"400576","15-JUL-06","Pledge","2","172429",""
"400577","15-JUL-06","Pledge","2","172390",""
"400578","15-JUL-06","Pledge","2","158946",""
"400579","15-JUL-06","Pledge","2","158964",""
"400580","15-JUL-06","Pledge","2","158958",""
"400581","15-JUL-06","Pledge","2","158948",""
"400582","15-JUL-06","Pledge","2","158963",""
"400583","15-JUL-06","Pledge","2","156167",""
"400584","15-JUL-06","Pledge","2","158965",""
"400585","15-JUL-06","Pledge","2","158972",""
"400586","15-JUL-06","Pledge","2","158966",""
"400587","15-JUL-06","Pledge","2","158956",""
"400588","15-JUL-06","Pledge","2","158961",""
"400589","15-JUL-06","Pledge","2","158947",""
"400590","14-JUL-06","Pledge","2","400188",""
"384265","01-JAN-06","Pledge","1","","40"
"384266","01-JAN-06","Pledge","1","","15"
"384267","01-JAN-06","Pledge","1","","30"
"384268","01-JAN-06","Pledge","1","","20"
"384269","01-JAN-06","Pledge","1","","0"
"384270","01-JAN-06","Pledge","1","","20"
"384271","01-JAN-06","Pledge","1","","30"
"384272","01-JAN-06","Pledge","1","","40"
"384273","01-JAN-06","Pledge","1","","40"
"384274","01-JAN-06","Pledge","1","","20"
"384275","01-JAN-06","Pledge","1","","30"
"384276","01-JAN-06","Pledge","1","","20"
"384277","01-JAN-06","Pledge","1","","20"
"384278","01-JAN-06","Pledge","1","","20"
"384279","31-MAR-06","Pledge","2","158946",""
"384280","31-MAR-06","Pledge","2","158953",""
"384281","31-MAR-06","Pledge","2","158948",""
"384282","31-MAR-06","Pledge","2","158956",""
"384283","31-MAR-06","Pledge","2","158959",""
"384284","31-MAR-06","Pledge","2","158963",""
"384285","31-MAR-06","Pledge","2","158965",""
"384286","31-MAR-06","Pledge","2","158972",""
"384287","31-MAR-06","Pledge","2","158966",""
"384288","31-MAR-06","Pledge","2","158964",""
"384289","31-MAR-06","Pledge","2","158958",""
"384290","31-MAR-06","Pledge","2","158947",""
"384291","31-MAR-06","Pledge","2","156167",""
"384292","31-MAR-06","Pledge","2","158961",""
"399346","31-MAR-06","Pledge","2","399182",""
"416866","27-OCT-06","Note","2","405248",""
"416867","27-OCT-06","Note","2","405249",""
"416868","27-OCT-06","Note","2","405251",""
"416869","27-OCT-06","Note","3","405250",""
"416870","27-OCT-06","Pledge","3","405252",""
"405248","21-JUN-06","Note","1","","0"
"405249","07-JUN-06","Note","1","","0"
"405250","19-MAY-06","Note","1","","0"
"405251","19-MAY-06","Note","1","","0"
"405252","19-MAY-06","Pledge","1","","0"
"400723","15-AUG-06","Pledge","2","172429",""
"400724","15-AUG-06","Pledge","2","172390",""
"400725","15-AUG-06","Pledge","2","158946",""
"400726","15-AUG-06","Pledge","2","158948",""
"400727","15-AUG-06","Pledge","2","158956",""
"400728","15-AUG-06","Pledge","2","158958",""
"400729","15-AUG-06","Pledge","2","158964",""
"400730","15-AUG-06","Pledge","2","158966",""
"400731","15-AUG-06","Pledge","2","158972",""
"400732","15-AUG-06","Pledge","2","158965",""
"400733","15-AUG-06","Pledge","2","158963",""
"400734","15-AUG-06","Pledge","2","158947",""
"400735","15-AUG-06","Pledge","2","156167",""
"400736","15-AUG-06","Pledge","2","158961",""
"400737","15-SEP-06","Pledge","2","172429",""
"400738","15-SEP-06","Pledge","2","172390",""
"400739","15-SEP-06","Pledge","2","158946",""
"400740","15-SEP-06","Pledge","2","158948",""
"400741","15-SEP-06","Pledge","2","158956",""
"400742","15-SEP-06","Pledge","2","158958",""
"400743","15-SEP-06","Pledge","2","158964",""
"400744","15-SEP-06","Pledge","2","158966",""
"400745","15-SEP-06","Pledge","2","158972",""
"400746","15-SEP-06","Pledge","2","158965",""
"400747","15-SEP-06","Pledge","2","158963",""
"400748","15-SEP-06","Pledge","2","158947",""
"400749","15-SEP-06","Pledge","2","156167",""
"400750","15-SEP-06","Pledge","2","158961",""
"400751","15-OCT-06","Pledge","2","172390",""
"400752","15-OCT-06","Pledge","2","158946",""
"400753","15-OCT-06","Pledge","2","158948",""
"400754","15-OCT-06","Pledge","2","158956",""
"400755","15-OCT-06","Pledge","2","158958",""
"400756","15-OCT-06","Pledge","2","158959",""
"400757","15-OCT-06","Pledge","2","158964",""
"400758","15-OCT-06","Pledge","2","158966",""
"400759","15-OCT-06","Pledge","2","158972",""
"400760","15-OCT-06","Pledge","2","158965",""
"400761","15-OCT-06","Pledge","2","158963",""
"400762","15-OCT-06","Pledge","2","158947",""
"400763","15-OCT-06","Pledge","2","156167",""
"400764","15-OCT-06","Pledge","2","158961",""
"429620","01-NOV-06","Pledge","1","","0"
"429623","01-NOV-06","Pledge","1","","0"
"429624","01-NOV-06","Pledge","1","","0"
"429625","01-NOV-06","Pledge","1","","0"
"429633","01-NOV-06","Pledge","1","","0"
"429634","01-NOV-06","Pledge","1","","0"
"429636","01-NOV-06","Pledge","1","","0"
"429637","01-NOV-06","Pledge","1","","0"
"429638","01-NOV-06","Pledge","1","","0"
"429640","01-NOV-06","Pledge","1","","0"
"429641","01-NOV-06","Pledge","1","","0"
"429642","01-NOV-06","Pledge","1","","0"
"429644","01-NOV-06","Pledge","1","","0"
"429645","07-NOV-06","Pledge","2","231000",""
"429646","15-NOV-06","Pledge","2","400188",""
"429647","15-DEC-06","Pledge","2","400188",""
"429648","15-NOV-06","Pledge","2","429625",""
"429649","15-DEC-06","Pledge","2","429625",""
"429650","15-NOV-06","Pledge","2","429620",""
"429651","15-DEC-06","Pledge","2","429620",""
"429653","15-NOV-06","Pledge","2","429623",""
"429654","15-DEC-06","Pledge","2","429623",""
"429655","15-NOV-06","Pledge","2","429634",""
"429656","15-DEC-06","Pledge","2","429634",""
"429657","15-NOV-06","Pledge","2","429637",""
"429658","15-DEC-06","Pledge","2","429637",""
"429659","15-NOV-06","Pledge","2","429640",""
"429660","15-DEC-06","Pledge","2","429640",""
"429661","15-NOV-06","Pledge","2","429641",""
"429662","15-DEC-06","Pledge","2","429641",""
"429663","15-NOV-06","Pledge","2","429638",""
"429664","15-DEC-06","Pledge","2","429638",""
"429665","15-NOV-06","Pledge","2","429633",""
"429666","15-DEC-06","Pledge","2","429633",""
"429668","15-NOV-06","Pledge","2","429624",""
"429670","15-DEC-06","Pledge","2","429624",""
"429671","07-NOV-06","Pledge","2","230995",""
"429673","15-NOV-06","Pledge","2","429644",""
"429674","15-DEC-06","Pledge","2","429644",""
"429675","15-NOV-06","Pledge","2","429636",""
"429676","15-DEC-06","Pledge","2","429636",""
"429677","15-NOV-06","Pledge","2","429642",""
"429678","15-DEC-06","Pledge","2","429642",""
"429680","06-DEC-06","Pledge","2","231000",""
"429681","06-DEC-06","Pledge","2","230995",""
"452684","30-MAR-07","Pledge","1","","255"
"452685","10-FEB-07","Note","1","","60"
"452686","10-FEB-07","Note","3","452685",""
"452687","10-FEB-07","Pledge","2","452684",""
"452743","30-MAR-07","Pledge","1","","255"
"452744","10-FEB-07","Note","1","","60"
"452745","10-FEB-07","Note","3","452685",""
"452746","10-FEB-07","Pledge","2","452684",""
"481930","16-JAN-07","Pledge","2","481371",""
"481932","16-JAN-07","Pledge","2","481351",""
"481934","16-JAN-07","Pledge","2","481352",""
"481935","16-JAN-07","Pledge","2","481357",""
"481936","16-JAN-07","Pledge","2","481359",""
"481938","16-JAN-07","Pledge","2","481367",""
"481939","16-JAN-07","Pledge","2","481369",""
"481940","16-JAN-07","Pledge","2","481354",""
"481941","16-JAN-07","Pledge","2","481356",""
"481942","16-JAN-07","Pledge","2","481372",""
"481943","16-JAN-07","Pledge","2","481370",""
"481944","16-JAN-07","Pledge","2","481361",""
"481945","16-JAN-07","Pledge","2","481360",""
"481946","16-JAN-07","Pledge","2","481353",""
"481949","15-FEB-07","Pledge","2","481371",""
"481951","15-FEB-07","Pledge","2","481351",""
"481955","15-FEB-07","Pledge","2","481357",""
"481956","15-FEB-07","Pledge","2","481359",""
"481958","15-FEB-07","Pledge","2","481367",""
"481959","15-FEB-07","Pledge","2","481369",""
"481961","16-JAN-07","Pledge","2","481363",""
"481962","15-FEB-07","Pledge","2","481363",""
"481965","15-FEB-07","Pledge","2","481354",""
"481966","15-FEB-07","Pledge","2","481356",""
"481967","15-FEB-07","Pledge","2","481372",""
"481969","15-FEB-07","Pledge","2","481370",""
"481970","15-FEB-07","Pledge","2","481361",""
"481971","15-FEB-07","Pledge","2","481360",""
"481972","15-FEB-07","Pledge","2","481353",""
"481973","15-MAR-07","Pledge","2","481371",""
"481974","15-MAR-07","Pledge","2","481351",""
"481975","15-MAR-07","Pledge","2","481352",""
"481976","15-MAR-07","Pledge","2","481357",""
"481977","15-MAR-07","Pledge","2","481359",""
"481978","15-MAR-07","Pledge","2","481369",""
"481979","15-MAR-07","Pledge","2","481363",""
"481981","15-MAR-07","Pledge","2","481356",""
"481982","15-MAR-07","Pledge","2","481372",""
"481983","15-MAR-07","Pledge","2","481370",""
"481984","15-MAR-07","Pledge","2","481361",""
"481985","15-MAR-07","Pledge","2","481360",""
"481987","15-MAR-07","Pledge","2","481353",""
"481989","15-MAR-07","Pledge","2","481367",""
"481357","01-JAN-07","Pledge","1","","0"
"481371","01-JAN-07","Pledge","1","","0"
"481980","15-MAR-07","Pledge","2","481354",""
"481952","15-FEB-07","Pledge","2","481352",""
"490809","07-JAN-07","Pledge","1","","0"
"490819","20-JAN-07","Pledge","1","","0"
"481351","01-JAN-07","Pledge","1","","0"
"481352","01-JAN-07","Pledge","1","","0"
"481353","01-JAN-07","Pledge","1","","0"
"481354","01-JAN-07","Pledge","1","","0"
"481356","01-JAN-07","Pledge","1","","0"
"481359","01-JAN-07","Pledge","1","","0"
"481360","01-JAN-07","Pledge","1","","0"
"481361","01-JAN-07","Pledge","1","","0"
"481363","01-JAN-07","Pledge","1","","0"
"481369","01-JAN-07","Pledge","1","","0"
"481370","01-JAN-07","Pledge","1","","0"
"481367","01-JAN-07","Pledge","1","","0"
"481372","01-JAN-07","Pledge","1","","0"
"545189","07-JAN-07","Pledge","1","","0"
"545190","20-JAN-07","Pledge","1","","0"
"545191","07-JAN-07","Pledge","1","","0"
"545192","15-JAN-07","Pledge","1","","0"
"545193","15-JAN-07","Pledge","1","","0"
"545194","15-JAN-07","Pledge","1","","0"
"490818","07-JAN-07","Pledge","1","","0"
"490820","15-JAN-07","Pledge","1","","0"
"490821","15-JAN-07","Pledge","1","","0"
"490822","15-JAN-07","Pledge","1","","0"
"490823","15-JAN-07","Pledge","1","","2250"
"508509","31-MAY-07","Pledge","2","490821",""
"508510","08-JUN-07","Pledge","2","490820",""
"506557","31-MAY-07","Pledge","2","490819",""
"506558","12-APR-07","Pledge","2","490822",""
"506560","02-MAY-07","Pledge","2","490809",""
"531347","24-MAY-07","Pledge","2","481371",""
"531348","18-JUN-07","Pledge","2","481371",""
"531349","11-APR-07","Pledge","2","481351",""
"531350","24-MAY-07","Pledge","2","481351",""
"531351","18-JUN-07","Pledge","2","481351",""
"531352","11-APR-07","Pledge","2","481352",""
"531353","24-MAY-07","Pledge","2","481352",""
"531355","11-APR-07","Pledge","2","481357",""
"531356","24-MAY-07","Pledge","2","481357",""
"531357","18-JUN-07","Pledge","2","481357",""
"531358","11-APR-07","Pledge","2","481359",""
"531359","24-MAY-07","Pledge","2","481359",""
"531360","18-JUN-07","Pledge","2","481359",""
"531361","11-APR-07","Pledge","2","481372",""
"531362","24-MAY-07","Pledge","2","481372",""
"531363","18-JUN-07","Pledge","2","481372",""
"531364","11-APR-07","Pledge","2","481367",""
"531365","24-MAY-07","Pledge","2","481367",""
"531366","18-JUN-07","Pledge","2","481367",""
"531367","11-APR-07","Pledge","2","481369",""
"531368","24-MAY-07","Pledge","2","481369",""
"531370","11-APR-07","Pledge","2","481363",""
"531371","24-MAY-07","Pledge","2","481363",""
"531372","18-JUN-07","Pledge","2","481363",""
"531373","11-APR-07","Pledge","2","481354",""
"531374","24-MAY-07","Pledge","2","481354",""
"531375","18-JUN-07","Pledge","2","481354",""
"531377","24-MAY-07","Pledge","2","481370",""
"531378","18-JUN-07","Pledge","2","481370",""
"531379","11-APR-07","Pledge","2","481356",""
"531381","18-JUN-07","Pledge","2","481356",""
"531382","11-APR-07","Pledge","2","481361",""
"531383","24-MAY-07","Pledge","2","481361",""
"531384","18-JUN-07","Pledge","2","481361",""
"531385","11-APR-07","Pledge","2","481360",""
"531387","18-JUN-07","Pledge","2","481360",""
"531388","11-APR-07","Pledge","2","481353",""
"531389","24-MAY-07","Pledge","2","481353",""
"531390","18-JUN-07","Pledge","2","481353",""
"531391","18-JUN-07","Pledge","2","481352",""
"531346","11-APR-07","Pledge","2","481371",""
"531369","18-JUN-07","Pledge","2","481369",""
"531376","11-APR-07","Pledge","2","481370",""
"531380","24-MAY-07","Pledge","2","481356",""
"531386","24-MAY-07","Pledge","2","481360",""
"545256","15-JAN-07","Pledge","1","","0"
"533949","02-MAY-07","Pledge","3","490818",""
"545916","19-APR-07","Pledge","2","545256",""
"567610","16-JUL-07","Pledge","2","481371",""
"567611","16-JUL-07","Pledge","2","481372",""
"567612","16-JUL-07","Pledge","2","481369",""
"567613","16-JUL-07","Pledge","2","481357",""
"567614","16-JUL-07","Pledge","2","481351",""
"567615","16-JUL-07","Pledge","2","481352",""
"567616","16-JUL-07","Pledge","2","481354",""
"567617","16-JUL-07","Pledge","2","481367",""
"567618","16-JUL-07","Pledge","2","481363",""
"567619","16-JUL-07","Pledge","2","481359",""
"567620","16-JUL-07","Pledge","2","481356",""
"567621","16-JUL-07","Pledge","2","481361",""
"567622","16-JUL-07","Pledge","2","481370",""
"567623","16-JUL-07","Pledge","2","481360",""
"567624","16-JUL-07","Pledge","2","481353",""
"567625","15-AUG-07","Pledge","2","481371",""
"567626","15-AUG-07","Pledge","2","481372",""
"567627","15-AUG-07","Pledge","2","481369",""
"567628","15-AUG-07","Pledge","2","481357",""
"567629","15-AUG-07","Pledge","2","481351",""
"567630","16-AUG-07","Pledge","2","481352",""
"567631","16-AUG-07","Pledge","2","481354",""
"567632","15-AUG-07","Pledge","2","481367",""
"567634","15-AUG-07","Pledge","2","481359",""
"567635","15-AUG-07","Pledge","2","481356",""
"567636","15-AUG-07","Pledge","2","481361",""
"567637","15-AUG-07","Pledge","2","481370",""
"567638","15-AUG-07","Pledge","2","481360",""
"567639","15-AUG-07","Pledge","2","481353",""
"567640","17-SEP-07","Pledge","2","481371",""
"567641","17-SEP-07","Pledge","2","481372",""
"567642","17-SEP-07","Pledge","2","481369",""
"567643","17-SEP-07","Pledge","2","481357",""
"567644","17-SEP-07","Pledge","2","481351",""
"567645","17-SEP-07","Pledge","2","481352",""
"567646","17-SEP-07","Pledge","2","481354",""
"567653","17-SEP-07","Pledge","2","481360",""
"567654","17-SEP-07","Pledge","2","481353",""
"567647","17-SEP-07","Pledge","2","481367",""
"567648","17-SEP-07","Pledge","2","481363",""
"567649","17-SEP-07","Pledge","2","481359",""
"567650","17-SEP-07","Pledge","2","481356",""
"567651","17-SEP-07","Pledge","2","481361",""
"567652","17-SEP-07","Pledge","2","481370",""
"567633","15-AUG-07","Pledge","2","481363",""
"608538","18-OCT-07","Pledge","2","481353",""
"608498","15-NOV-07","Pledge","2","481372",""
"608499","17-DEC-07","Pledge","2","481372",""
"608535","18-OCT-07","Pledge","2","481360",""
"608497","18-OCT-07","Pledge","2","481372",""
"608500","18-OCT-07","Pledge","2","481369",""
"608501","15-NOV-07","Pledge","2","481369",""
"608504","15-NOV-07","Pledge","2","481356",""
"608505","17-DEC-07","Pledge","2","481356",""
"608508","15-NOV-07","Pledge","2","481359",""
"608509","17-DEC-07","Pledge","2","481359",""
"608520","18-OCT-07","Pledge","2","481357",""
"617324","31-MAY-07","Pledge","2","490819",""
"617325","12-APR-07","Pledge","2","490822",""
"617326","02-MAY-07","Pledge","2","490809",""
"617327","31-MAY-07","Pledge","2","490821",""
"617328","08-JUN-07","Pledge","2","490820",""
"617329","02-MAY-07","Pledge","3","490818",""
"617330","19-APR-07","Pledge","2","545256",""
"617371","18-DEC-07","Pledge","1","","0"
"617373","18-DEC-07","Pledge","1","","0"
"617375","18-DEC-07","Pledge","1","","0"
"617377","18-DEC-07","Pledge","1","","0"
"617378","18-DEC-07","Pledge","1","","0"
"617379","18-DEC-07","Pledge","1","","0"
"617381","18-DEC-07","Pledge","1","","0"
"617383","18-DEC-07","Pledge","1","","0"
"617384","18-DEC-07","Pledge","1","","0"
"617385","20-DEC-07","Pledge","1","","0"
"617386","20-DEC-07","Pledge","1","","0"
"617388","21-DEC-07","Pledge","1","","0"
"617389","21-DEC-07","Pledge","1","","0"
"617391","27-DEC-07","Pledge","1","","0"
"617392","28-DEC-07","Pledge","1","","0"
"608510","18-OCT-07","Pledge","2","481354",""
"608519","17-DEC-07","Pledge","2","481352",""
"608528","17-DEC-07","Pledge","2","481367",""
"608532","18-OCT-07","Pledge","2","481361",""
"608536","15-NOV-07","Pledge","2","481360",""
"608540","17-DEC-07","Pledge","2","481353",""
"608507","18-OCT-07","Pledge","2","481359",""
"608525","17-DEC-07","Pledge","2","481363",""
"608527","15-NOV-07","Pledge","2","481367",""
"608539","15-NOV-07","Pledge","2","481353",""
"608494","18-OCT-07","Pledge","2","481371",""
"608495","15-NOV-07","Pledge","2","481371",""
"608496","17-DEC-07","Pledge","2","481371",""
"608502","17-DEC-07","Pledge","2","481369",""
"608503","18-OCT-07","Pledge","2","481356",""
"608511","15-NOV-07","Pledge","2","481354",""
"608512","17-DEC-07","Pledge","2","481354",""
"608513","18-OCT-07","Pledge","2","481351",""
"608514","15-NOV-07","Pledge","2","481351",""
"608516","17-DEC-07","Pledge","2","481351",""
"608517","18-OCT-07","Pledge","2","481352",""
"608518","15-NOV-07","Pledge","2","481352",""
"608521","15-NOV-07","Pledge","2","481357",""
"608522","17-DEC-07","Pledge","2","481357",""
"608523","18-OCT-07","Pledge","2","481363",""
"608524","15-NOV-07","Pledge","2","481363",""
"608526","18-OCT-07","Pledge","2","481367",""
"608529","18-OCT-07","Pledge","2","481370",""
"608530","15-NOV-07","Pledge","2","481370",""
"608531","17-DEC-07","Pledge","2","481370",""
"608533","15-NOV-07","Pledge","2","481361",""
"608534","17-DEC-07","Pledge","2","481361",""
"608537","17-DEC-07","Pledge","2","481360",""
"616943","20-JAN-07","Pledge","1","","0"
"616944","07-JAN-07","Pledge","1","","0"
"616945","07-JAN-07","Pledge","1","","0"
"616946","15-JAN-07","Pledge","1","","0"
"616947","15-JAN-07","Pledge","1","","0"
"616948","15-JAN-07","Pledge","1","","0"
"616949","15-JAN-07","Pledge","1","","0"
"620253","20-DEC-07","Pledge","1","","0"
"620255","18-DEC-07","Pledge","1","","0"
"620256","18-DEC-07","Pledge","1","","0"
"620254","18-DEC-07","Pledge","1","","0"
"620252","27-DEC-07","Pledge","1","","0"
"646354","09-JAN-08","Pledge","2","617388",""
"646350","01-JAN-08","Pledge","2","617388",""
"646349","01-JAN-08","Pledge","2","620252",""
"646351","01-JAN-08","Pledge","2","617385",""
"646352","04-JAN-08","Pledge","2","620253",""
"646353","04-JAN-08","Pledge","2","617389",""
"646355","10-JAN-08","Pledge","2","617378",""
"646356","15-JAN-08","Pledge","2","617381",""
"646357","15-JAN-08","Pledge","2","617386",""
"646358","17-JAN-08","Pledge","2","617375",""
"646359","17-JAN-08","Pledge","2","617379",""
"646360","23-JAN-08","Pledge","2","620254",""
"646361","24-JAN-08","Pledge","2","617383",""
"646362","28-JAN-08","Pledge","2","617391",""
"646364","01-MAR-08","Pledge","2","617371",""
"646365","01-MAR-08","Pledge","2","617371",""
"646366","11-FEB-08","Pledge","3","617384",""
"649259","22-MAR-08","Pledge","2","617373",""
"649279","01-FEB-08","Pledge","1","","0"
"649280","28-JAN-08","Pledge","1","","0"
"649284","07-JAN-08","Pledge","1","","0"
"649282","10-JAN-08","Pledge","1","","0"
"649283","08-JAN-08","Pledge","1","","0"
"649285","02-JAN-08","Pledge","1","","0"
"652728","01-JAN-08","Pledge","1","","0"
"652725","01-JAN-08","Pledge","1","","0"
"652727","01-JAN-08","Pledge","1","","0"
"652730","01-JAN-08","Pledge","1","","0"
"652731","01-JAN-08","Pledge","1","","0"
"652732","01-JAN-08","Pledge","1","","0"
"652733","01-JAN-08","Pledge","1","","0"
"652736","01-JAN-08","Pledge","1","","0"
"652737","01-JAN-08","Pledge","1","","0"
"652739","01-JAN-08","Pledge","1","","0"
"652740","01-JAN-08","Pledge","1","","0"
"652742","01-JAN-08","Pledge","1","","0"
"652741","01-JAN-08","Pledge","1","","0"
"652735","01-JAN-08","Pledge","1","","0"
"653380","28-JAN-08","Pledge","2","617391",""
"652744","01-JAN-08","Pledge","1","","0"
"655208","15-FEB-08","Pledge","2","652739",""
"655209","14-MAR-08","Pledge","2","652739",""
"655213","14-MAR-08","Pledge","2","652737",""
"655225","15-FEB-08","Pledge","2","652731",""
"655226","14-MAR-08","Pledge","2","652731",""
"655227","15-JAN-08","Pledge","2","652732",""
"655228","15-FEB-08","Pledge","2","652732",""
"655229","14-MAR-08","Pledge","2","652732",""
"655231","15-JAN-08","Pledge","2","652733",""
"655234","15-JAN-08","Pledge","2","652740",""
"655198","15-FEB-08","Pledge","2","652725",""
"655220","14-MAR-08","Pledge","2","652727",""
"655221","15-JAN-08","Pledge","2","652730",""
"655222","15-FEB-08","Pledge","2","652730",""
"655232","15-FEB-08","Pledge","2","652733",""
"655233","14-MAR-08","Pledge","2","652733",""
"655241","15-JAN-08","Pledge","2","652744",""
"655244","15-JAN-08","Pledge","2","652742",""
"655247","14-MAR-08","Pledge","2","652742",""
"655205","15-FEB-08","Pledge","2","652735",""
"655207","15-JAN-08","Pledge","2","652739",""
"655210","15-JAN-08","Pledge","2","652737",""
"655211","15-FEB-08","Pledge","2","652737",""
"655218","15-FEB-08","Pledge","2","652727",""
"655238","15-JAN-08","Pledge","2","652741",""
"655242","15-FEB-08","Pledge","2","652744",""
"655243","14-MAR-08","Pledge","2","652744",""
"655196","15-JAN-08","Pledge","2","652725",""
"655199","14-MAR-08","Pledge","2","652725",""
"655200","15-JAN-08","Pledge","2","652728",""
"655201","15-FEB-08","Pledge","2","652728",""
"655202","14-MAR-08","Pledge","2","652728",""
"655204","15-JAN-08","Pledge","2","652735",""
"655206","14-MAR-08","Pledge","2","652735",""
"655214","15-JAN-08","Pledge","2","652736",""
"655215","15-FEB-08","Pledge","2","652736",""
"655216","14-MAR-08","Pledge","2","652736",""
"655217","15-JAN-08","Pledge","2","652727",""
"655223","14-MAR-08","Pledge","2","652730",""
"655224","15-JAN-08","Pledge","2","652731",""
"655235","15-FEB-08","Pledge","2","652740",""
"655236","14-MAR-08","Pledge","2","652740",""
"655239","15-FEB-08","Pledge","2","652741",""
"655240","14-MAR-08","Pledge","2","652741",""
"655245","15-FEB-08","Pledge","2","652742",""
"655544","18-OCT-07","Pledge","2","481372",""
"655545","15-NOV-07","Pledge","2","481372",""
"655546","17-DEC-07","Pledge","2","481372",""
"655547","18-OCT-07","Pledge","2","481369",""
"655548","15-NOV-07","Pledge","2","481369",""
"655549","15-NOV-07","Pledge","2","481356",""
"655550","17-DEC-07","Pledge","2","481356",""
"655551","15-NOV-07","Pledge","2","481359",""
"655552","17-DEC-07","Pledge","2","481359",""
"655553","18-OCT-07","Pledge","2","481357",""
"655554","18-OCT-07","Pledge","2","481360",""
"655555","18-OCT-07","Pledge","2","481359",""
"655556","18-OCT-07","Pledge","2","481354",""
"655557","17-DEC-07","Pledge","2","481352",""
"655558","17-DEC-07","Pledge","2","481363",""
"655559","15-NOV-07","Pledge","2","481367",""
"655560","17-DEC-07","Pledge","2","481367",""
"655561","18-OCT-07","Pledge","2","481361",""
"655562","15-NOV-07","Pledge","2","481360",""
"655563","15-NOV-07","Pledge","2","481353",""
"655564","17-DEC-07","Pledge","2","481353",""
"655565","18-OCT-07","Pledge","2","481353",""
"655566","18-OCT-07","Pledge","2","481371",""
"655567","15-NOV-07","Pledge","2","481371",""
"655568","17-DEC-07","Pledge","2","481371",""
"655569","17-DEC-07","Pledge","2","481369",""
"655570","18-OCT-07","Pledge","2","481356",""
"655571","15-NOV-07","Pledge","2","481354",""
"655572","17-DEC-07","Pledge","2","481354",""
"655573","18-OCT-07","Pledge","2","481351",""
"655574","15-NOV-07","Pledge","2","481351",""
"655575","17-DEC-07","Pledge","2","481351",""
"655576","18-OCT-07","Pledge","2","481352",""
"655577","15-NOV-07","Pledge","2","481352",""
"655578","15-NOV-07","Pledge","2","481357",""
"655579","17-DEC-07","Pledge","2","481357",""
"655580","18-OCT-07","Pledge","2","481363",""
"655581","15-NOV-07","Pledge","2","481363",""
"655582","18-OCT-07","Pledge","2","481367",""
"655583","18-OCT-07","Pledge","2","481370",""
"655584","15-NOV-07","Pledge","2","481370",""
"655585","17-DEC-07","Pledge","2","481370",""
"655586","15-NOV-07","Pledge","2","481361",""
"655587","17-DEC-07","Pledge","2","481361",""
"655588","17-DEC-07","Pledge","2","481360",""
"667573","13-JAN-08","Pledge","1","","916.63"
"667574","04-FEB-08","Pledge","2","667573",""
"667631","04-FEB-08","Promise","2","667571",""
"667571","11-JAN-08","Promise","1","","2200"
"667572","11-JAN-08","Promise","1","","2750"
"667632","04-FEB-08","Promise","2","667572",""
"667633","07-MAR-08","Pledge","2","667573",""
"667634","07-MAR-08","Promise","2","667571",""
"667635","07-MAR-08","Promise","2","667572",""
"696389","09-APR-08","Pledge","2","649285",""
"696390","16-APR-08","Pledge","2","649284",""
"696391","24-APR-08","Pledge","2","620255",""
"696392","24-APR-08","Pledge","2","649283",""
"696393","13-MAY-08","Pledge","2","649280",""
"696394","05-JUN-08","Pledge","2","617377",""
"696395","09-APR-08","Pledge","2","649279",""
"696396","09-APR-08","Pledge","2","620256",""
"688998","01-APR-08","Pledge","3","652737",""
"688999","16-APR-08","Pledge","2","652736",""
"689003","22-MAY-08","Pledge","2","652727",""
"689004","16-JUN-08","Pledge","2","652727",""
"689007","16-JUN-08","Pledge","2","652730",""
"689010","16-JUN-08","Pledge","2","652732",""
"689011","16-JUN-08","Pledge","2","652731",""
"689020","16-APR-08","Pledge","2","652728",""
"689037","16-JUN-08","Pledge","2","652744",""
"689002","16-APR-08","Pledge","2","652727",""
"689014","16-APR-08","Pledge","2","652735",""
"688995","15-APR-08","Pledge","2","652725",""
"688996","22-MAY-08","Pledge","2","652725",""
"688997","16-JUN-08","Pledge","2","652725",""
"689000","22-MAY-08","Pledge","2","652736",""
"689001","16-JUN-08","Pledge","2","652736",""
"689005","16-APR-08","Pledge","2","652730",""
"689006","22-MAY-08","Pledge","2","652730",""
"689008","16-APR-08","Pledge","2","652731",""
"689009","22-MAY-08","Pledge","2","652731",""
"689012","16-APR-08","Pledge","2","652732",""
"689013","22-MAY-08","Pledge","2","652732",""
"689015","22-MAY-08","Pledge","2","652735",""
"689016","16-JUN-08","Pledge","2","652735",""
"689017","16-APR-08","Pledge","2","652739",""
"689018","22-MAY-08","Pledge","2","652739",""
"689019","16-JUN-08","Pledge","2","652739",""
"689021","22-MAY-08","Pledge","2","652728",""
"689022","16-JUN-08","Pledge","2","652728",""
"689023","16-APR-08","Pledge","2","652733",""
"689024","22-MAY-08","Pledge","2","652733",""
"689025","16-JUN-08","Pledge","2","652733",""
"689026","16-APR-08","Pledge","2","652740",""
"689027","22-MAY-08","Pledge","2","652740",""
"689028","16-JUN-08","Pledge","2","652740",""
"689029","16-APR-08","Pledge","2","652741",""
"689030","22-MAY-08","Pledge","2","652741",""
"689031","16-JUN-08","Pledge","2","652741",""
"689032","16-APR-08","Pledge","2","652742",""
"689033","22-MAY-08","Pledge","2","652742",""
"689034","16-JUN-08","Pledge","2","652742",""
"689035","16-APR-08","Pledge","2","652744",""
"689036","22-MAY-08","Pledge","2","652744",""
"719739","14-JUL-08","Promise","1","","0"
"719728","14-JUL-08","Promise","1","","0"
"740014","15-JUL-08","Pledge","2","652744",""
"740001","15-JUL-08","Pledge","2","652725",""
"740002","15-JUL-08","Pledge","2","652728",""
"740003","15-JUL-08","Pledge","2","652735",""
"740004","15-JUL-08","Pledge","2","652739",""
"740005","15-JUL-08","Pledge","2","652736",""
"740006","15-JUL-08","Pledge","2","652733",""
"740007","15-JUL-08","Pledge","2","652727",""
"740008","15-JUL-08","Pledge","2","652730",""
"740009","15-JUL-08","Pledge","2","652731",""
"740010","15-JUL-08","Pledge","2","652732",""
"740011","15-JUL-08","Pledge","2","652740",""
"740012","15-JUL-08","Pledge","2","652741",""
"740013","15-JUL-08","Pledge","2","652742",""
"744910","01-AUG-08","Promise","2","719739",""
"744916","11-AUG-08","Promise","2","719728",""
"750217","09-APR-08","Pledge","2","649285",""
"750218","16-APR-08","Pledge","2","649284",""
"750219","24-APR-08","Pledge","2","620255",""
"750220","24-APR-08","Pledge","2","649283",""
"750221","13-MAY-08","Pledge","2","649280",""
"750222","05-JUN-08","Pledge","2","617377",""
"750223","09-APR-08","Pledge","2","649279",""
"750224","09-APR-08","Pledge","2","620256",""
"759101","15-AUG-08","Pledge","2","652725",""
"759102","15-AUG-08","Pledge","2","652736",""
"759103","15-AUG-08","Pledge","2","652727",""
"759104","15-AUG-08","Pledge","2","652730",""
"759105","15-AUG-08","Pledge","2","652731",""
"759106","15-AUG-08","Pledge","2","652732",""
"759107","15-AUG-08","Pledge","2","652735",""
"759108","15-AUG-08","Pledge","2","652739",""
"759109","15-AUG-08","Pledge","2","652728",""
"759110","15-AUG-08","Pledge","2","652733",""
"759111","15-AUG-08","Pledge","2","652740",""
"759112","15-AUG-08","Pledge","2","652741",""
"759113","15-AUG-08","Pledge","2","652742",""
"759114","15-AUG-08","Pledge","2","652744",""
"774825","15-SEP-08","Pledge","2","652739",""
"762775","15-SEP-08","Pledge","2","652736",""
"762779","15-SEP-08","Pledge","2","652731",""
"762782","15-SEP-08","Pledge","2","652728",""
"762784","15-SEP-08","Pledge","2","652741",""
"762785","15-SEP-08","Pledge","2","652742",""
"762774","15-SEP-08","Pledge","2","652725",""
"762776","15-SEP-08","Pledge","2","652727",""
"762777","15-SEP-08","Pledge","2","652730",""
"762783","15-SEP-08","Pledge","2","652733",""
"762786","15-SEP-08","Pledge","2","652744",""
"762781","15-SEP-08","Pledge","2","652735",""
"762780","15-SEP-08","Pledge","2","652732",""
"844889","17-DEC-08","Pledge","1","","0"
"844890","17-DEC-08","Pledge","1","","0"
"844891","18-DEC-08","Pledge","1","","0"
"844892","19-DEC-08","Pledge","1","","0"
"844893","25-DEC-08","Pledge","1","","0"
"844894","15-DEC-08","Pledge","1","","0"
"844895","05-DEC-08","Pledge","1","","0"
"844896","31-DEC-08","Pledge","1","","0"
"844897","15-DEC-08","Pledge","1","","0"
"844898","15-DEC-08","Pledge","1","","0"
"800395","16-AUG-08","Pledge","2","649282",""
"801584","01-AUG-08","Promise","2","719739",""
"801585","11-AUG-08","Promise","2","719728",""
"779426","15-OCT-08","Pledge","2","652730",""
"779427","15-OCT-08","Pledge","2","652731",""
"779430","15-OCT-08","Pledge","2","652735",""
"779431","15-OCT-08","Pledge","2","652739",""
"779422","15-OCT-08","Pledge","2","652736",""
"779432","15-OCT-08","Pledge","2","652728",""
"779421","15-OCT-08","Pledge","2","652725",""
"779424","15-OCT-08","Pledge","2","652727",""
"779434","15-OCT-08","Pledge","2","652733",""
"779436","15-OCT-08","Pledge","2","652742",""
"779438","15-OCT-08","Pledge","2","652744",""
"807363","31-JUL-08","Pledge","2","617392",""
"807364","16-AUG-08","Pledge","2","649282",""
"794491","22-SEP-08","Note","1","","0"
"800394","31-JUL-08","Pledge","2","617392",""
"779435","15-OCT-08","Pledge","2","652741",""
"821117","15-DEC-08","Pledge","2","652744",""
"821853","15-AUG-08","Pledge","2","652735",""
"821854","15-AUG-08","Pledge","2","652740",""
"821855","15-SEP-08","Pledge","2","652735",""
"821856","15-OCT-08","Pledge","2","652741",""
"821857","15-AUG-08","Pledge","2","652725",""
"821858","15-AUG-08","Pledge","2","652736",""
"821859","15-AUG-08","Pledge","2","652731",""
"821860","15-AUG-08","Pledge","2","652732",""
"821861","15-AUG-08","Pledge","2","652739",""
"821862","15-AUG-08","Pledge","2","652733",""
"821863","15-AUG-08","Pledge","2","652742",""
"821864","15-SEP-08","Pledge","2","652736",""
"821865","15-SEP-08","Pledge","2","652731",""
"821866","15-SEP-08","Pledge","2","652732",""
"821867","15-SEP-08","Pledge","2","652728",""
"821868","15-SEP-08","Pledge","2","652741",""
"821869","15-SEP-08","Pledge","2","652742",""
"821870","15-SEP-08","Pledge","2","652739",""
"821871","15-OCT-08","Pledge","2","652736",""
"821872","15-OCT-08","Pledge","2","652730",""
"821873","15-OCT-08","Pledge","2","652731",""
"821874","15-OCT-08","Pledge","2","652735",""
"821875","15-OCT-08","Pledge","2","652739",""
"821876","15-OCT-08","Pledge","2","652728",""
"821877","15-AUG-08","Pledge","2","652727",""
"821878","15-AUG-08","Pledge","2","652730",""
"821879","15-AUG-08","Pledge","2","652728",""
"821880","15-AUG-08","Pledge","2","652741",""
"821881","15-AUG-08","Pledge","2","652744",""
"821882","15-SEP-08","Pledge","2","652725",""
"821883","15-SEP-08","Pledge","2","652727",""
"821884","15-SEP-08","Pledge","2","652730",""
"821885","15-SEP-08","Pledge","2","652733",""
"821886","15-SEP-08","Pledge","2","652744",""
"821887","15-OCT-08","Pledge","2","652725",""
"821888","15-OCT-08","Pledge","2","652727",""
"821889","15-OCT-08","Pledge","2","652733",""
"821890","15-OCT-08","Pledge","2","652742",""
"821891","15-OCT-08","Pledge","2","652744",""
"821111","15-DEC-08","Pledge","2","652739",""
"821112","15-DEC-08","Pledge","2","652735",""
"821113","15-DEC-08","Pledge","2","652728",""
"821114","15-DEC-08","Pledge","2","652733",""
"821115","15-DEC-08","Pledge","2","652730",""
"821116","15-DEC-08","Pledge","2","652741",""
"821119","21-OCT-08","Pledge","3","652732",""
"821089","17-NOV-08","Pledge","2","652736",""
"821091","17-NOV-08","Pledge","2","652727",""
"821092","17-NOV-08","Pledge","2","652730",""
"821095","17-NOV-08","Pledge","2","652735",""
"821096","17-NOV-08","Pledge","2","652739",""
"821102","17-NOV-08","Pledge","2","652741",""
"821106","17-NOV-08","Pledge","2","652744",""
"819215","15-DEC-08","Pledge","1","","3500"
"819218","15-DEC-08","Pledge","1","","3000"
"819221","31-DEC-08","Pledge","1","","2500"
"821098","17-NOV-08","Pledge","2","652728",""
"821099","17-NOV-08","Pledge","2","652733",""
"821105","17-NOV-08","Pledge","2","652742",""
"821107","15-DEC-08","Pledge","2","652725",""
"821110","15-DEC-08","Pledge","2","652736",""
"821120","21-OCT-08","Pledge","3","652740",""
"821088","17-NOV-08","Pledge","2","652725",""
"821094","17-NOV-08","Pledge","2","652731",""
"821108","15-DEC-08","Pledge","2","652727",""
"821109","15-DEC-08","Pledge","2","652731",""
"821118","15-DEC-08","Pledge","2","652742",""
"819220","25-DEC-08","Pledge","1","","2500"
"819222","15-DEC-08","Pledge","1","","3500"
"824857","31-DEC-08","Note","3","794491",""
"832963","01-JAN-08","Pledge","2","617388",""
"832964","22-MAR-08","Pledge","2","617373",""
"832965","01-FEB-08","Pledge","1","","0"
"832966","28-JAN-08","Pledge","1","","0"
"832967","07-JAN-08","Pledge","1","","0"
"832968","10-JAN-08","Pledge","1","","0"
"832969","08-JAN-08","Pledge","1","","0"
"832970","02-JAN-08","Pledge","1","","0"
"832971","09-JAN-08","Pledge","2","617388",""
"832972","04-JAN-08","Pledge","2","620253",""
"832973","01-JAN-08","Pledge","2","620252",""
"832974","01-JAN-08","Pledge","2","617385",""
"832975","04-JAN-08","Pledge","2","617389",""
"832976","10-JAN-08","Pledge","2","617378",""
"832977","15-JAN-08","Pledge","2","617381",""
"832978","15-JAN-08","Pledge","2","617386",""
"832979","17-JAN-08","Pledge","2","617375",""
"832980","17-JAN-08","Pledge","2","617379",""
"832981","23-JAN-08","Pledge","2","620254",""
"832982","24-JAN-08","Pledge","2","617383",""
"832984","01-MAR-08","Pledge","2","617371",""
"832985","01-MAR-08","Pledge","2","617371",""
"832986","11-FEB-08","Pledge","3","617384",""
"833024","28-JAN-08","Pledge","3","617391",""
"833144","01-JAN-08","Pledge","2","617388",""
"833145","22-MAR-08","Pledge","2","617373",""
"833146","01-FEB-08","Pledge","1","","0"
"833147","28-JAN-08","Pledge","1","","0"
"833148","07-JAN-08","Pledge","1","","0"
"833149","10-JAN-08","Pledge","1","","0"
"833150","08-JAN-08","Pledge","1","","0"
"833151","02-JAN-08","Pledge","1","","0"
"833152","09-JAN-08","Pledge","2","617388",""
"833153","04-JAN-08","Pledge","2","620253",""
"833154","01-JAN-08","Pledge","2","620252",""
"833155","01-JAN-08","Pledge","2","617385",""
"833156","04-JAN-08","Pledge","2","617389",""
"833157","10-JAN-08","Pledge","2","617378",""
"833158","15-JAN-08","Pledge","2","617381",""
"833159","15-JAN-08","Pledge","2","617386",""
"833160","17-JAN-08","Pledge","2","617375",""
"833161","17-JAN-08","Pledge","2","617379",""
"833162","23-JAN-08","Pledge","2","620254",""
"833163","24-JAN-08","Pledge","2","617383",""
"833164","01-MAR-08","Pledge","2","617371",""
"833165","01-MAR-08","Pledge","2","617371",""
"833166","11-FEB-08","Pledge","3","617384",""
"833167","28-JAN-08","Pledge","3","617391",""
"819214","17-DEC-08","Pledge","1","","2500"
"819216","17-DEC-08","Pledge","1","","2500"
"819217","18-DEC-08","Pledge","1","","2500"
"819219","19-DEC-08","Pledge","1","","2500"
"819250","05-DEC-08","Pledge","1","","3500"
"861230","21-JAN-09","Pledge","2","861191",""
"865438","14-JAN-09","Pledge","2","844895",""
"865442","05-JAN-09","Pledge","2","844893",""
"865444","09-JAN-09","Pledge","2","844892",""
"861176","01-JAN-09","Pledge","1","","0"
"861178","01-JAN-09","Pledge","1","","0"
"861179","01-JAN-09","Pledge","1","","0"
"861180","01-JAN-09","Pledge","1","","0"
"861187","01-JAN-09","Pledge","1","","0"
"861189","01-JAN-09","Pledge","1","","0"
"861184","01-JAN-09","Pledge","1","","0"
"861212","21-JAN-09","Pledge","2","861182",""
"861214","16-MAR-09","Pledge","2","861182",""
"861215","21-JAN-09","Pledge","2","861180",""
"861219","24-FEB-09","Pledge","2","861189",""
"861223","24-FEB-09","Pledge","2","861179",""
"861224","16-MAR-09","Pledge","2","861179",""
"861225","21-JAN-09","Pledge","2","861188",""
"861237","24-FEB-09","Pledge","2","861192",""
"861238","16-MAR-09","Pledge","2","861192",""
"861191","01-JAN-09","Pledge","1","","0"
"861192","01-JAN-09","Pledge","1","","0"
"861197","21-JAN-09","Pledge","2","861178",""
"861205","24-FEB-09","Pledge","2","861176",""
"861210","16-MAR-09","Pledge","2","861184",""
"861182","01-JAN-09","Pledge","1","","0"
"861198","21-JAN-09","Pledge","2","861187",""
"861207","21-JAN-09","Pledge","2","861184",""
"861209","24-FEB-09","Pledge","2","861184",""
"861213","24-FEB-09","Pledge","2","861182",""
"861218","21-JAN-09","Pledge","2","861189",""
"861221","21-JAN-09","Pledge","2","861179",""
"861229","16-MAR-09","Pledge","2","861188",""
"861234","24-FEB-09","Pledge","2","861195",""
"865433","22-JAN-09","Pledge","2","844889",""
"865435","20-JAN-09","Pledge","2","844894",""
"861232","31-MAR-09","Pledge","2","861191",""
"868057","13-MAY-08","Pledge","2","649280",""
"868058","05-JUN-08","Pledge","2","617377",""
"868059","09-APR-08","Pledge","2","649279",""
"868060","09-APR-08","Pledge","2","620256",""
"868071","31-JUL-08","Pledge","2","617392",""
"868072","16-AUG-08","Pledge","2","649282",""
"868110","17-DEC-08","Pledge","1","","0"
"868111","17-DEC-08","Pledge","1","","0"
"868112","18-DEC-08","Pledge","1","","0"
"868113","19-DEC-08","Pledge","1","","0"
"868114","25-DEC-08","Pledge","1","","0"
"868115","15-DEC-08","Pledge","1","","0"
"868116","05-DEC-08","Pledge","1","","0"
"868117","31-DEC-08","Pledge","1","","0"
"868118","15-DEC-08","Pledge","1","","0"
"868119","15-DEC-08","Pledge","1","","0"
"861188","01-JAN-09","Pledge","1","","0"
"861195","01-JAN-09","Pledge","1","","0"
"861200","21-JAN-09","Pledge","2","861176",""
"861206","16-MAR-09","Pledge","2","861176",""
"861216","24-FEB-09","Pledge","2","861180",""
"861217","16-MAR-09","Pledge","2","861180",""
"861220","16-MAR-09","Pledge","2","861189",""
"861227","24-FEB-09","Pledge","2","861188",""
"861231","24-FEB-09","Pledge","2","861191",""
"861233","21-JAN-09","Pledge","2","861195",""
"861235","16-MAR-09","Pledge","2","861195",""
"861236","21-JAN-09","Pledge","2","861192",""
"865430","24-FEB-09","Pledge","2","844890",""
"865434","22-JAN-09","Pledge","2","844891",""
"865441","09-JAN-09","Pledge","2","844896",""
"865447","07-JAN-09","Pledge","2","844898",""
"865452","19-JAN-09","Pledge","3","844897",""
"867984","01-JAN-08","Pledge","2","617388",""
"867985","22-MAR-08","Pledge","2","617373",""
"867986","01-FEB-08","Pledge","1","","0"
"867987","28-JAN-08","Pledge","1","","0"
"867988","07-JAN-08","Pledge","1","","0"
"867989","10-JAN-08","Pledge","1","","0"
"867990","08-JAN-08","Pledge","1","","0"
"867991","02-JAN-08","Pledge","1","","0"
"867992","09-JAN-08","Pledge","2","617388",""
"867993","04-JAN-08","Pledge","2","620253",""
"867994","01-JAN-08","Pledge","2","620252",""
"867995","01-JAN-08","Pledge","2","617385",""
"867996","04-JAN-08","Pledge","2","617389",""
"867997","10-JAN-08","Pledge","2","617378",""
"867998","15-JAN-08","Pledge","2","617381",""
"867999","15-JAN-08","Pledge","2","617386",""
"868000","17-JAN-08","Pledge","2","617375",""
"868001","17-JAN-08","Pledge","2","617379",""
"868002","23-JAN-08","Pledge","2","620254",""
"868003","24-JAN-08","Pledge","2","617383",""
"868004","01-MAR-08","Pledge","2","617371",""
"868005","01-MAR-08","Pledge","2","617371",""
"868006","11-FEB-08","Pledge","3","617384",""
"868007","28-JAN-08","Pledge","3","617391",""
"868053","09-APR-08","Pledge","2","649285",""
"868054","16-APR-08","Pledge","2","649284",""
"868055","24-APR-08","Pledge","2","620255",""
"868056","24-APR-08","Pledge","2","649283",""
"939482","01-AUG-09","Pledge","1","","0"
"939483","01-AUG-09","Pledge","1","","0"
"939485","01-AUG-09","Pledge","1","","0"
"939487","01-AUG-09","Pledge","1","","0"
"939489","01-AUG-09","Pledge","1","","0"
"939490","01-AUG-09","Pledge","1","","0"
"939495","01-AUG-09","Pledge","1","","0"
"947078","18-SEP-09","Pledge","2","861188",""
"947077","18-AUG-09","Pledge","2","861188",""
"942406","18-AUG-09","Pledge","2","941210",""
"942413","18-SEP-09","Pledge","2","941221",""
"939518","01-SEP-09","Pledge","1","","0"
"941219","01-AUG-09","Pledge","3","941216",""
"942416","18-SEP-09","Pledge","2","941208",""
"942470","18-SEP-09","Pledge","2","941229",""
"941203","01-AUG-09","Pledge","3","939485",""
"941204","01-AUG-09","Pledge","3","939482",""
"941223","01-AUG-09","Pledge","1","","0"
"942410","18-AUG-09","Pledge","2","941221",""
"941213","01-AUG-09","Pledge","1","","0"
"942448","18-AUG-09","Pledge","2","941223",""
"946469","17-JUL-09","Pledge","2","861192",""
"948540","18-SEP-09","Pledge","2","941211",""
"947076","17-JUL-09","Pledge","2","861188",""
"946459","18-SEP-09","Pledge","2","861184",""
"946461","18-AUG-09","Pledge","2","861189",""
"946462","18-SEP-09","Pledge","2","861189",""
"946466","17-JUL-09","Pledge","2","861182",""
"946472","17-JUL-09","Pledge","2","861179",""
"946475","17-JUL-09","Pledge","2","861191",""
"946477","18-SEP-09","Pledge","2","861191",""
"946478","17-JUL-09","Pledge","2","861176",""
"946464","18-AUG-09","Pledge","2","861195",""
"946465","18-SEP-09","Pledge","2","861195",""
"946467","18-JUL-09","Pledge","2","861182",""
"946468","18-SEP-09","Pledge","2","861182",""
"946470","18-AUG-09","Pledge","2","861192",""
"946471","18-SEP-09","Pledge","2","861192",""
"946474","18-SEP-09","Pledge","2","861179",""
"946476","18-AUG-09","Pledge","2","861191",""
"946481","17-JUL-09","Pledge","2","861180",""
"946483","18-AUG-09","Pledge","2","861180",""
"946457","17-JUL-09","Pledge","2","861184",""
"946458","18-JUL-09","Pledge","2","861184",""
"946460","17-JUL-09","Pledge","2","861189",""
"946463","17-JUL-09","Pledge","2","861195",""
"946473","18-AUG-09","Pledge","2","861179",""
"946479","18-AUG-09","Pledge","2","861176",""
"946480","18-SEP-09","Pledge","2","861176",""
"946482","18-SEP-09","Pledge","2","861180",""
"941200","01-SEP-09","Pledge","3","941199",""
"941201","01-AUG-09","Pledge","3","939490",""
"941206","01-AUG-09","Pledge","3","939495",""
"941221","01-AUG-09","Pledge","1","","0"
"941229","01-AUG-09","Pledge","1","","0"
"941199","01-SEP-09","Pledge","1","","0"
"941202","01-AUG-09","Pledge","3","939487",""
"941205","01-AUG-09","Pledge","3","939483",""
"941207","01-AUG-09","Pledge","3","939489",""
"941208","01-AUG-09","Pledge","1","","0"
"941210","01-AUG-09","Pledge","1","","0"
"941216","01-AUG-09","Pledge","1","","0"
"941234","01-AUG-09","Pledge","1","","0"
"942463","18-SEP-09","Pledge","2","941234",""
"948535","18-AUG-09","Pledge","2","941213",""
"941198","01-SEP-09","Pledge","3","939518",""
"941211","01-AUG-09","Pledge","1","","0"
"942451","18-SEP-09","Pledge","2","941223",""
"942458","18-AUG-09","Pledge","2","941234",""
"942401","18-AUG-09","Pledge","2","941213",""
"942469","18-AUG-09","Pledge","2","941229",""
"948544","18-SEP-09","Pledge","2","941210",""
"948629","18-AUG-09","Pledge","2","941211",""
"978556","18-DEC-09","Pledge","3","977047",""
"978595","18-OCT-09","Pledge","2","861179",""
"978598","18-DEC-09","Pledge","2","861189",""
"978662","18-DEC-09","Pledge","2","978661",""
"978663","18-OCT-09","Pledge","2","861195",""
"978665","18-DEC-09","Pledge","2","861195",""
"978669","01-NOV-09","Pledge","1","","0"
"978670","18-NOV-09","Pledge","2","978669",""
"978671","18-DEC-09","Pledge","2","978669",""
"980216","18-NOV-09","Pledge","1","","0"
"977047","18-DEC-09","Pledge","1","","0"
"977053","18-DEC-09","Pledge","2","941213",""
"977060","18-OCT-09","Pledge","2","941229",""
"977061","18-NOV-09","Pledge","2","941229",""
"977064","18-NOV-09","Pledge","2","861176",""
"977174","18-DEC-09","Pledge","2","861180",""
"977081","18-OCT-09","Pledge","2","861188",""
"977084","18-OCT-09","Pledge","2","861191",""
"977098","18-DEC-09","Pledge","1","","0"
"977170","18-OCT-09","Pledge","2","861184",""
"977171","18-NOV-09","Pledge","2","861184",""
"977173","18-NOV-09","Pledge","2","861180",""
"977056","18-DEC-09","Pledge","2","941223",""
"977057","18-OCT-09","Pledge","2","941234",""
"977062","18-DEC-09","Pledge","2","941229",""
"980178","18-DEC-09","Pledge","1","","0"
"980195","01-DEC-09","Pledge","1","","0"
"980213","01-DEC-09","Pledge","1","","0"
"980214","01-DEC-09","Pledge","1","","0"
"980215","30-NOV-09","Pledge","1","","0"
"980221","19-OCT-09","Pledge","1","","0"
"980270","19-OCT-09","Pledge","1","","0"
"980192","10-DEC-09","Pledge","1","","0"
"976867","01-NOV-09","Pledge","1","","0"
"976868","01-DEC-09","Pledge","1","","0"
"976869","01-DEC-09","Pledge","3","861184",""
"977039","18-DEC-09","Pledge","2","976868",""
"977043","18-OCT-09","Pledge","2","941211",""
"977041","18-NOV-09","Pledge","2","941210",""
"977049","18-NOV-09","Pledge","2","941221",""
"977050","18-DEC-09","Pledge","2","941221",""
"977054","18-OCT-09","Pledge","2","941223",""
"977065","18-DEC-09","Pledge","2","861176",""
"977071","18-NOV-09","Pledge","2","861182",""
"977072","18-DEC-09","Pledge","2","861182",""
"977077","18-DEC-09","Pledge","2","861179",""
"977082","18-NOV-09","Pledge","2","861188",""
"977085","18-NOV-09","Pledge","2","861191",""
"977088","18-NOV-09","Pledge","2","861192",""
"977089","18-DEC-09","Pledge","2","861192",""
"977094","01-OCT-09","Pledge","1","","0"
"977095","01-OCT-09","Pledge","1","","0"
"977100","01-OCT-09","Pledge","2","977095",""
"977040","18-OCT-09","Pledge","2","941210",""
"977044","18-NOV-09","Pledge","2","941211",""
"977045","18-DEC-09","Pledge","2","941211",""
"977051","18-OCT-09","Pledge","2","941213",""
"977052","18-NOV-09","Pledge","2","941213",""
"977055","18-NOV-09","Pledge","2","941223",""
"977070","18-OCT-09","Pledge","2","861182",""
"977075","18-OCT-09","Pledge","2","861189",""
"977076","18-NOV-09","Pledge","2","861189",""
"977083","18-DEC-09","Pledge","2","861188",""
"977086","18-DEC-09","Pledge","2","861191",""
"977087","18-OCT-09","Pledge","2","861192",""
"977097","18-NOV-09","Pledge","2","977094",""
"978548","18-DEC-09","Pledge","1","","0"
"978612","18-DEC-09","Pledge","3","978548",""
"978661","18-DEC-09","Pledge","1","","0"
"978667","18-OCT-09","Pledge","2","978666",""
"978668","18-DEC-09","Pledge","2","978666",""
"978664","18-NOV-09","Pledge","2","941208",""
"977042","18-DEC-09","Pledge","2","941210",""
"977048","18-OCT-09","Pledge","2","941221",""
"977063","18-OCT-09","Pledge","2","861176",""
"977079","18-NOV-09","Pledge","2","861179",""
"978587","18-DEC-09","Pledge","3","977098",""
"978666","01-OCT-09","Pledge","1","","0"
"977046","18-NOV-09","Pledge","2","976867",""
"977058","18-NOV-09","Pledge","2","941234",""
"977059","18-DEC-09","Pledge","2","941234",""
"977172","18-OCT-09","Pledge","2","861180",""
"980219","25-OCT-09","Pledge","1","","0"
"980230","14-DEC-09","Pledge","1","","0"
"1025939","20-JAN-10","Pledge","2","980195",""
"1027241","01-JAN-10","Pledge","1","","0"
"1027242","01-JAN-10","Pledge","3","941208",""
"1027245","01-JAN-10","Pledge","3","861182",""
"1027246","01-JAN-10","Pledge","2","1027241",""
"1027249","01-JAN-10","Pledge","3","861179",""
"1027250","01-JAN-10","Pledge","3","861188",""
"1027251","01-JAN-10","Pledge","3","861191",""
"1027252","01-JAN-10","Pledge","3","861195",""
"1027254","01-JAN-10","Pledge","3","400188",""
"1027256","02-JAN-10","Pledge","1","","30"
"1027257","02-JAN-10","Pledge","1","","80"
"1027258","02-JAN-10","Pledge","1","","40"
"1027259","02-JAN-10","Pledge","1","","125"
"1027260","02-JAN-10","Pledge","1","","40"
"1027261","02-JAN-10","Pledge","1","","40"
"1027262","02-JAN-10","Pledge","1","","60"
"1027263","02-JAN-10","Pledge","1","","40"
"1027264","02-JAN-10","Pledge","1","","40"
"1027267","02-JAN-10","Pledge","1","","40"
"1027269","02-JAN-10","Pledge","1","","400"
"1027270","02-JAN-10","Pledge","1","","40"
"1027271","02-JAN-10","Pledge","1","","200"
"1027272","02-JAN-10","Pledge","1","","60"
"1027274","02-JAN-10","Pledge","1","","40"
"1027276","02-JAN-10","Pledge","1","","40"
"1027357","20-JAN-10","Pledge","2","1027263",""
"1027360","20-JAN-10","Pledge","2","1027256",""
"1027367","20-JAN-10","Pledge","2","1027265",""
"1027368","20-JAN-10","Pledge","2","1027272",""
"1027370","20-JAN-10","Pledge","2","1027257",""
"1027372","20-JAN-10","Pledge","2","1027275",""
"1027373","20-JAN-10","Pledge","2","1027266",""
"1027376","20-JAN-10","Pledge","2","1027273",""
"1029422","18-FEB-10","Pledge","2","1027267",""
"1029440","18-FEB-10","Pledge","2","1027275",""
"1029447","18-FEB-10","Pledge","2","1027269",""
"1029473","19-MAR-10","Pledge","2","1027256",""
"1029482","19-MAR-10","Pledge","2","1027264",""
"1029483","19-MAR-10","Pledge","2","1027267",""
"1029486","19-MAR-10","Pledge","2","1027265",""
"1029492","19-MAR-10","Pledge","2","1027262",""
"1029496","19-MAR-10","Pledge","2","1027257",""
"1029499","19-MAR-10","Pledge","2","1027266",""
"1029503","19-MAR-10","Pledge","2","1027273",""
"1029505","19-MAR-10","Pledge","2","1027269",""
"1029516","19-MAR-10","Pledge","2","1029515",""
"1029403","18-FEB-10","Pledge","2","1027268",""
"1029420","18-FEB-10","Pledge","2","1027264",""
"1029425","18-FEB-10","Pledge","2","1027265",""
"1029433","18-FEB-10","Pledge","2","1027257",""
"1029479","19-MAR-10","Pledge","2","1027261",""
"1025935","02-MAR-10","Pledge","2","980270",""
"1025936","06-FEB-10","Pledge","2","980192",""
"1025938","23-JAN-10","Pledge","2","980178",""
"1025943","06-JAN-10","Pledge","2","980221",""
"1026095","14-JAN-10","Pledge","1","","0"
"1026098","08-JAN-10","Pledge","1","","0"
"1025911","06-JAN-10","Pledge","3","980219",""
"1025944","04-JAN-10","Pledge","2","980215",""
"1027275","02-JAN-10","Pledge","1","","150"
"1029408","18-FEB-10","Pledge","2","1027263",""
"1029410","18-FEB-10","Pledge","2","1027256",""
"1029423","18-FEB-10","Pledge","2","1027274",""
"1029428","18-FEB-10","Pledge","2","1027272",""
"1029435","18-FEB-10","Pledge","2","1027259",""
"1029471","19-MAR-10","Pledge","2","1027263",""
"1025942","06-JAN-10","Pledge","2","980216",""
"1026030","01-FEB-10","Pledge","2","980214",""
"1027243","01-JAN-10","Pledge","3","861176",""
"1027244","01-JAN-10","Pledge","3","861184",""
"1027247","01-JAN-10","Pledge","3","861189",""
"1027248","01-JAN-10","Pledge","3","861180",""
"1027253","01-JAN-10","Pledge","3","861192",""
"1027255","01-JAN-10","Pledge","3","1027241",""
"1027265","02-JAN-10","Pledge","1","","40"
"1027266","02-JAN-10","Pledge","1","","100"
"1027268","02-JAN-10","Pledge","1","","30"
"1027273","02-JAN-10","Pledge","1","","100"
"1027358","20-JAN-10","Pledge","2","1027270",""
"1027359","20-JAN-10","Pledge","2","1027268",""
"1027361","20-JAN-10","Pledge","2","1027258",""
"1027362","20-JAN-10","Pledge","2","1027260",""
"1027363","20-JAN-10","Pledge","2","1027261",""
"1027364","20-JAN-10","Pledge","2","1027264",""
"1027365","20-JAN-10","Pledge","2","1027267",""
"1027366","20-JAN-10","Pledge","2","1027274",""
"1027369","20-JAN-10","Pledge","2","1027262",""
"1027371","20-JAN-10","Pledge","2","1027259",""
"1027374","20-JAN-10","Pledge","2","1027271",""
"1027375","20-JAN-10","Pledge","2","1027269",""
"1029405","18-FEB-10","Pledge","2","1027270",""
"1029412","18-FEB-10","Pledge","2","1027258",""
"1029415","10-FEB-10","Pledge","2","1027260",""
"1029417","18-FEB-10","Pledge","2","1027261",""
"1029431","18-FEB-10","Pledge","2","1027262",""
"1029438","18-FEB-10","Pledge","2","1027266",""
"1029443","18-FEB-10","Pledge","2","1027273",""
"1029445","18-FEB-10","Pledge","2","1027271",""
"1029455","02-JAN-10","Pledge","1","","50"
"1029457","18-FEB-10","Pledge","2","1029455",""
"1029464","19-MAR-10","Pledge","2","1029455",""
"1029466","19-MAR-10","Pledge","2","1027268",""
"1029468","19-MAR-10","Pledge","2","1027270",""
"1029475","19-MAR-10","Pledge","2","1027258",""
"1029477","19-MAR-10","Pledge","2","1027260",""
"1029488","19-MAR-10","Pledge","2","1027274",""
"1029490","19-MAR-10","Pledge","2","1027272",""
"1029501","19-MAR-10","Pledge","2","1027275",""
"1029509","19-MAR-10","Pledge","2","1027271",""
"1029515","01-MAR-10","Pledge","1","","60"
"1026091","18-JAN-10","Pledge","3","980213",""
"1061579","05-APR-10","Pledge","2","1026098",""
"1061580","12-APR-10","Pledge","2","980230",""
"1061581","03-MAY-10","Pledge","3","1026095",""
"1073295","18-JUN-10","Pledge","2","1027275",""
"1073299","18-MAY-10","Pledge","2","1027266",""
"1073304","18-JUN-10","Pledge","2","1027271",""
"1073294","18-MAY-10","Pledge","2","1027275",""
"1073216","18-MAY-10","Pledge","2","1029515",""
"1073217","18-JUN-10","Pledge","2","1029515",""
"1073233","20-APR-10","Pledge","2","1027268",""
"1073234","18-MAY-10","Pledge","2","1027268",""
"1073237","18-JUN-10","Pledge","2","1027268",""
"1073239","20-APR-10","Pledge","2","1029455",""
"1073257","20-APR-10","Pledge","2","1027260",""
"1073265","18-MAY-10","Pledge","2","1027261",""
"1073266","20-APR-10","Pledge","2","1027264",""
"1073274","18-MAY-10","Pledge","2","1027267",""
"1073275","18-JUN-10","Pledge","2","1027267",""
"1073283","18-MAY-10","Pledge","2","1027262",""
"1073307","18-MAY-10","Pledge","2","1027269",""
"1073308","18-JUN-10","Pledge","2","1027269",""
"1073310","18-MAY-10","Pledge","2","1027272",""
"1073314","20-APR-10","Pledge","2","1027257",""
"1073315","18-MAY-10","Pledge","2","1027257",""
"1073316","18-JUN-10","Pledge","2","1027257",""
"1073329","01-MAY-10","Pledge","1","","25"
"1073332","18-MAY-10","Pledge","2","1073329",""
"1073342","20-APR-10","Pledge","2","1027259",""
"1073221","18-JUN-10","Pledge","2","1027276",""
"1073227","18-JUN-10","Pledge","2","1027265",""
"1073262","20-APR-10","Pledge","2","1027261",""
"1073277","20-APR-10","Pledge","2","1027274",""
"1073292","18-JUN-10","Pledge","2","1027273",""
"1073298","20-APR-10","Pledge","2","1027266",""
"1073300","18-JUN-10","Pledge","2","1027266",""
"1073313","18-JUN-10","Pledge","2","1027272",""
"1073338","18-JUN-10","Pledge","2","1073336",""
"1073341","18-JUN-10","Pledge","2","1029455",""
"1073218","20-APR-10","Pledge","2","1027276",""
"1073220","18-MAY-10","Pledge","2","1027276",""
"1073223","20-APR-10","Pledge","2","1027265",""
"1073224","18-MAY-10","Pledge","2","1027265",""
"1073229","20-APR-10","Pledge","2","1027270",""
"1073231","18-JUN-10","Pledge","2","1027270",""
"1073241","18-MAY-10","Pledge","2","1029455",""
"1073242","18-JUN-10","Pledge","2","1027268",""
"1073243","20-APR-10","Pledge","2","1027263",""
"1073251","18-MAY-10","Pledge","2","1027256",""
"1073252","18-JUN-10","Pledge","2","1027256",""
"1073253","20-APR-10","Pledge","2","1027258",""
"1073254","18-MAY-10","Pledge","2","1027258",""
"1073256","18-JUN-10","Pledge","2","1027258",""
"1073259","18-MAY-10","Pledge","2","1027260",""
"1073263","18-JUN-10","Pledge","2","1027261",""
"1073271","20-APR-10","Pledge","2","1027267",""
"1073278","18-MAY-10","Pledge","2","1027274",""
"1073280","18-JUN-10","Pledge","2","1027274",""
"1073287","18-MAY-10","Pledge","2","1027259",""
"1073288","18-JUN-10","Pledge","2","1027259",""
"1073291","18-MAY-10","Pledge","2","1027273",""
"1073215","20-APR-10","Pledge","2","1029515",""
"1073230","18-MAY-10","Pledge","2","1027270",""
"1073244","18-MAY-10","Pledge","2","1027263",""
"1073246","18-JUN-10","Pledge","2","1027263",""
"1073248","20-APR-10","Pledge","2","1027256",""
"1073260","18-JUN-10","Pledge","2","1027260",""
"1073268","18-MAY-10","Pledge","2","1027264",""
"1073270","18-JUN-10","Pledge","2","1027264",""
"1073282","20-APR-10","Pledge","2","1027262",""
"1073285","18-JUN-10","Pledge","2","1027262",""
"1073289","20-APR-10","Pledge","2","1027273",""
"1073293","20-APR-10","Pledge","2","1027275",""
"1073302","20-APR-10","Pledge","2","1027271",""
"1073303","18-MAY-10","Pledge","2","1027271",""
"1073306","20-APR-10","Pledge","2","1027269",""
"1073309","20-APR-10","Pledge","2","1027272",""
"1073333","18-JUN-10","Pledge","2","1073329",""
"1073336","01-JUN-10","Pledge","1","","40"
"1133157","18-JUL-10","Pledge","1","","0"
"1133158","18-JUL-10","Pledge","1","","0"
"1133164","18-JUL-10","Pledge","1","","0"
"1133197","18-JUL-10","Pledge","1","","0"
"1133198","18-JUL-10","Pledge","1","","0"
"1133201","18-JUL-10","Pledge","1","","0"
"1133160","18-JUL-10","Pledge","1","","0"
"1133161","18-JUL-10","Pledge","1","","0"
"1133209","18-JUL-10","Pledge","1","","0"
"1133170","18-JUL-10","Pledge","1","","0"
"1133181","18-JUL-10","Pledge","1","","0"
"1133185","18-JUL-10","Pledge","1","","0"
"1133149","18-JUL-10","Pledge","1","","0"
"1133150","18-JUL-10","Pledge","1","","0"
"1133154","18-JUL-10","Pledge","1","","0"
"1133168","18-JUL-10","Pledge","1","","0"
"1133184","18-JUL-10","Pledge","1","","0"
"1133187","18-JUL-10","Pledge","1","","0"
"1133207","18-JUL-10","Pledge","1","","0"
"1133155","18-JUL-10","Pledge","1","","0"
"1133182","18-JUL-10","Pledge","1","","0"
"1133190","18-JUL-10","Pledge","1","","0"
"1133148","18-JUL-10","Pledge","1","","0"
"1133151","18-JUL-10","Pledge","1","","0"
"1193158","18-SEP-10","Pledge","2","1133158",""
"1193164","18-SEP-10","Pledge","2","1133164",""
"1193175","18-SEP-10","Pledge","2","1133161",""
"1193168","18-SEP-10","Pledge","2","1133157",""
"1193181","18-SEP-10","Pledge","2","1133181",""
"1193193","18-SEP-10","Pledge","2","1133155",""
"1193197","18-SEP-10","Pledge","2","1133207",""
"1193199","18-SEP-10","Pledge","2","1133151",""
"1193204","18-AUG-10","Pledge","3","1133150",""
"1193213","18-SEP-10","Pledge","2","1133184",""
"1193215","18-SEP-10","Pledge","2","1133209",""
"1193219","18-SEP-10","Pledge","2","1133185",""
"1193223","18-SEP-10","Pledge","2","1133149",""
"1193226","18-SEP-10","Pledge","2","1133197",""
"1193253","18-AUG-10","Pledge","2","1027274",""
"1193257","18-AUG-10","Pledge","2","1027268",""
"1193260","18-AUG-10","Pledge","2","1027270",""
"1193267","18-OCT-10","Pledge","2","1029455",""
"1193275","18-OCT-10","Pledge","2","1027258",""
"1193311","18-AUG-10","Pledge","2","1027264",""
"1193315","18-AUG-10","Pledge","2","1027267",""
"1193318","18-OCT-10","Pledge","2","1027267",""
"1193327","18-OCT-10","Pledge","2","1027262",""
"1193341","18-OCT-10","Pledge","2","1027266",""
"1193344","18-AUG-10","Pledge","2","1027273",""
"1193350","18-AUG-10","Pledge","2","1027271",""
"1193356","18-OCT-10","Pledge","2","1027271",""
"1193364","18-OCT-10","Pledge","2","1027269",""
"1201168","18-AUG-10","Pledge","2","1027260",""
"1193153","18-SEP-10","Pledge","2","1133148",""
"1193190","18-SEP-10","Pledge","2","1133182",""
"1193206","18-SEP-10","Pledge","2","1133154",""
"1193241","18-AUG-10","Pledge","2","1073329",""
"1193249","18-AUG-10","Pledge","2","1027265",""
"1193321","18-AUG-10","Pledge","2","1027272",""
"1193322","18-OCT-10","Pledge","2","1027272",""
"1193222","18-SEP-10","Pledge","2","1133187",""
"1193228","18-SEP-10","Pledge","2","1133190",""
"1193231","18-SEP-10","Pledge","2","1133198",""
"1193234","18-SEP-10","Pledge","2","1133201",""
"1193251","18-OCT-10","Pledge","2","1027265",""
"1193255","18-OCT-10","Pledge","2","1027274",""
"1193259","18-OCT-10","Pledge","2","1027268",""
"1193263","18-OCT-10","Pledge","2","1027270",""
"1193265","18-AUG-10","Pledge","2","1029455",""
"1193268","18-AUG-10","Pledge","2","1027263",""
"1193269","18-OCT-10","Pledge","2","1027263",""
"1193271","18-AUG-10","Pledge","2","1027256",""
"1193306","18-AUG-10","Pledge","2","1027260",""
"1193309","18-OCT-10","Pledge","2","1027261",""
"1193313","18-OCT-10","Pledge","2","1027264",""
"1193325","18-AUG-10","Pledge","2","1027262",""
"1193330","18-AUG-10","Pledge","2","1027257",""
"1193332","18-OCT-10","Pledge","2","1027257",""
"1193333","18-AUG-10","Pledge","2","1027259",""
"1193339","18-AUG-10","Pledge","2","1027266",""
"1193360","18-AUG-10","Pledge","2","1027269",""
"1193171","18-SEP-10","Pledge","2","1133170",""
"1193240","18-OCT-10","Pledge","2","1073336",""
"1193243","18-OCT-10","Pledge","2","1073329",""
"1193246","18-AUG-10","Pledge","2","1027276",""
"1193348","18-OCT-10","Pledge","2","1027273",""
"1193177","18-SEP-10","Pledge","2","1133160",""
"1193209","18-SEP-10","Pledge","2","1133168",""
"1193236","18-AUG-10","Pledge","2","1073336",""
"1193247","18-OCT-10","Pledge","2","1027276",""
"1193272","18-OCT-10","Pledge","2","1027256",""
"1193273","18-AUG-10","Pledge","2","1027258",""
"1193308","18-AUG-10","Pledge","2","1027261",""
"1201173","18-OCT-10","Pledge","2","1027259",""
"1259976","18-NOV-10","Pledge","1","","10"
"1259979","18-NOV-10","Pledge","1","","10"
"1259984","18-NOV-10","Pledge","1","","10"
"1259988","18-NOV-10","Pledge","1","","100"
"1259989","18-NOV-10","Pledge","1","","10"
"1259990","18-NOV-10","Pledge","1","","50"
"1259994","18-NOV-10","Pledge","1","","10"
"1260003","18-DEC-10","Pledge","1","","10"
"1259975","18-NOV-10","Pledge","1","","20"
"1259982","18-NOV-10","Pledge","1","","10"
"1259985","18-NOV-10","Pledge","1","","25"
"1259993","18-NOV-10","Pledge","1","","25"
"1259995","18-NOV-10","Pledge","1","","10"
"1259996","18-NOV-10","Pledge","1","","25"
"1260004","18-DEC-10","Pledge","1","","10"
"1260005","18-DEC-10","Pledge","1","","10"
"1260008","18-DEC-10","Pledge","1","","10"
"1260011","18-DEC-10","Pledge","1","","15"
"1260013","18-DEC-10","Pledge","1","","25"
"1260014","18-DEC-10","Pledge","1","","25"
"1260018","18-DEC-10","Pledge","1","","10"
"1260427","18-NOV-10","Pledge","1","","10"
"1250878","18-NOV-10","Pledge","1","","0"
"1250877","18-NOV-10","Pledge","1","","0"
"1259977","18-NOV-10","Pledge","1","","25"
"1259980","18-NOV-10","Pledge","1","","10"
"1259983","18-NOV-10","Pledge","1","","10"
"1259986","18-NOV-10","Pledge","1","","10"
"1259992","18-NOV-10","Pledge","1","","15"
"1259998","18-DEC-10","Pledge","1","","10"
"1260001","18-DEC-10","Pledge","1","","10"
"1260002","18-DEC-10","Pledge","1","","10"
"1260006","18-DEC-10","Pledge","1","","10"
"1260009","18-DEC-10","Pledge","1","","10"
"1260010","18-DEC-10","Pledge","1","","10"
"1260012","18-DEC-10","Pledge","1","","15"
"1260015","18-DEC-10","Pledge","1","","25"
"1260019","18-DEC-10","Pledge","1","","20"
"1250873","16-DEC-10","Pledge","1","","0"
"1250875","24-NOV-10","Pledge","1","","0"
"1250871","28-DEC-10","Pledge","1","","0"
"1250874","06-DEC-10","Pledge","1","","0"
"1250876","18-NOV-10","Pledge","1","","0"
"1250872","16-DEC-10","Pledge","1","","0"
"1254016","18-NOV-10","Pledge","2","1027256",""
"1259981","18-NOV-10","Pledge","1","","15"
"1259987","18-NOV-10","Pledge","1","","10"
"1259991","18-NOV-10","Pledge","1","","10"
"1259997","18-NOV-10","Pledge","1","","10"
"1259999","18-DEC-10","Pledge","1","","10"
"1260000","18-DEC-10","Pledge","1","","10"
"1260007","18-DEC-10","Pledge","1","","10"
"1260016","18-DEC-10","Pledge","1","","50"
"1260017","18-DEC-10","Pledge","1","","100"
"1260252","18-DEC-10","Pledge","1","","25"
"1296568","19-JAN-11","Pledge","2","1250872",""
"1296569","05-JAN-11","Pledge","2","1250873",""
"1296571","05-JAN-11","Pledge","2","1250878",""
"1296572","05-JAN-11","Pledge","2","1250872",""
"1296573","05-JAN-11","Pledge","2","1250874",""
"1296575","22-FEB-11","Pledge","2","1250875",""
"1296579","25-JAN-11","Pledge","1","","2500"
"1296583","17-JAN-11","Pledge","1","","2500"
"1296629","21-JAN-11","Pledge","1","","1250"
"1297146","25-MAR-11","Pledge","2","1250877",""
"1308006","11-JAN-11","Pledge","1","","1750"
"1308007","05-JAN-11","Pledge","2","1250876",""
"1308008","24-JAN-11","Pledge","1","","0"
"1308009","18-JAN-11","Pledge","1","","0"
"1308010","19-JAN-11","Pledge","1","","0"
"1308011","22-FEB-11","Pledge","2","1250875",""
"1308012","19-JAN-11","Pledge","2","1250872",""
"1308013","05-JAN-11","Pledge","2","1250873",""
"1308014","05-JAN-11","Pledge","2","1250878",""
"1308015","05-JAN-11","Pledge","2","1250872",""
"1308016","05-JAN-11","Pledge","2","1250874",""
"1308017","25-JAN-11","Pledge","1","","0"
"1308018","25-MAR-11","Pledge","2","1250877",""
"1308019","17-JAN-11","Pledge","1","","2500"
"1308020","21-JAN-11","Pledge","1","","0"
"1308021","18-JAN-11","Pledge","2","1250871",""
"1296570","05-JAN-11","Pledge","2","1250876",""
"1296577","11-JAN-11","Pledge","1","","1750"
"1296578","24-JAN-11","Pledge","1","","2500"
"1296581","18-JAN-11","Pledge","1","","2500"
"1296582","19-JAN-11","Pledge","1","","2500"
"1296574","18-JAN-11","Pledge","2","1250871",""
"1313828","05-APR-11","Pledge","2","1308008",""
"1313829","26-APR-11","Pledge","2","1308009",""
"1362499","30-JUN-11","Promise","1","","0"
"1400238","09-DEC-11","Pledge","2","1382219",""
"1400287","29-DEC-11","Pledge","1","","0"
"1400279","29-DEC-11","Pledge","1","","0"
"1382022","03-DEC-11","Pledge","2","1308010",""
"1382024","20-DEC-11","Pledge","2","1308017",""
"1400290","29-DEC-11","Pledge","1","","0"
"1400621","29-DEC-11","Pledge","1","","0"
"1382021","19-NOV-11","Pledge","2","1308020",""
"1384068","30-DEC-11","Promise","2","1362499",""
"1382167","11-JAN-11","Pledge","1","","0"
"1382168","05-JAN-11","Pledge","2","1250876",""
"1382169","24-JAN-11","Pledge","1","","0"
"1382170","18-JAN-11","Pledge","1","","0"
"1382171","19-JAN-11","Pledge","1","","0"
"1382172","22-FEB-11","Pledge","2","1250875",""
"1382173","19-JAN-11","Pledge","2","1250872",""
"1382174","05-JAN-11","Pledge","2","1250873",""
"1382175","05-JAN-11","Pledge","2","1250878",""
"1382176","05-JAN-11","Pledge","2","1250872",""
"1382177","05-JAN-11","Pledge","2","1250874",""
"1382178","25-JAN-11","Pledge","1","","0"
"1382179","25-MAR-11","Pledge","2","1250877",""
"1382180","17-JAN-11","Pledge","1","","0"
"1382181","21-JAN-11","Pledge","1","","0"
"1382182","18-JAN-11","Pledge","2","1250871",""
"1382219","21-JAN-11","Pledge","1","","0"
"1382225","05-APR-11","Pledge","2","1308008",""
"1382226","26-APR-11","Pledge","2","1308009",""
"1437984","05-JAN-12","Pledge","2","1382167",""
"1437986","04-JAN-12","Pledge","2","1400621",""
"1437981","24-JAN-12","Pledge","2","1400287",""
"1437983","11-JAN-12","Pledge","2","1400279",""
"1437985","04-JAN-12","Pledge","2","1382180",""
"1437987","16-JAN-12","Pledge","1","","0"
"1437988","30-JAN-12","Pledge","1","","100"
"1566630","27-SEP-12","Pledge","1","","0"
"1566627","03-AUG-12","Pledge","2","1400290",""
"1566628","07-SEP-12","Pledge","1","","0"
"1566629","13-SEP-12","Pledge","1","","0"
"1628832","11-OCT-12","Pledge","2","1566630",""
"1629145","31-OCT-12","Pledge","1","","0"
"1629151","21-NOV-12","Pledge","1","","0"
"1629162","27-NOV-12","Pledge","1","","0"
"1629164","30-NOV-12","Pledge","1","","0"
"1629181","06-DEC-12","Pledge","1","","0"
"1628831","14-NOV-12","Pledge","2","1566628",""
"1629146","05-NOV-12","Pledge","1","","0"
"1629143","02-OCT-12","Pledge","1","","0"
"1629144","02-OCT-12","Pledge","1","","0"
"1629157","27-NOV-12","Pledge","1","","0"
"1629170","30-NOV-12","Pledge","1","","0"
"1630982","18-DEC-12","Pledge","1","","0"
"1630986","20-DEC-12","Pledge","1","","0"
"1630988","21-DEC-12","Pledge","1","","0"
"1630991","25-OCT-12","Pledge","1","","0"
"1630987","21-DEC-12","Pledge","1","","0"
"1641984","27-NOV-12","Pledge","1","","0"
"1630983","18-DEC-12","Pledge","1","","0"
"1630985","19-DEC-12","Pledge","1","","0"
"1631134","17-DEC-12","Pledge","1","","0"
"1630990","24-DEC-12","Pledge","1","","0"
"1630984","19-DEC-12","Pledge","1","","0"
"1630989","24-DEC-12","Pledge","1","","0"
"1676375","02-JAN-13","Pledge","2","1630989",""
"1676359","16-JAN-13","Pledge","3","1629162",""
"1676364","02-FEB-13","Pledge","2","1566629",""
"1676365","26-JAN-13","Pledge","2","1629143",""
"1676374","02-JAN-13","Pledge","2","1630990",""
"1676361","26-JAN-13","Pledge","3","1629143",""
"1676372","09-JAN-13","Pledge","2","1630986",""
"1676366","26-JAN-13","Pledge","2","1629181",""
"1676373","09-JAN-13","Pledge","2","1630985",""
"1676377","07-JAN-13","Pledge","2","1629164",""
"1677234","03-JAN-13","Pledge","2","1630982",""
"1677235","18-JAN-13","Pledge","2","1631134",""
"1676363","14-FEB-13","Pledge","2","1629145",""
"1676376","08-JAN-13","Pledge","2","1630988",""
"1676360","18-JAN-13","Pledge","3","1629146",""
"1676362","15-JAN-13","Pledge","3","1437987",""
"1676368","23-JAN-13","Pledge","2","1629151",""
"1676369","17-JAN-13","Pledge","2","1629170",""
"1676370","12-JAN-13","Pledge","2","1629157",""
"1676371","10-JAN-13","Pledge","2","1630987",""
"1676378","07-JAN-13","Pledge","2","1630984",""
"1676379","04-JAN-13","Pledge","2","1630983",""
"1676380","11-JAN-13","Pledge","2","1630991",""
"1677236","09-JAN-13","Pledge","2","1641984",""
"1676367","25-JAN-13","Pledge","2","1629144",""
